Workbook

Sheet Load
A1: Id | B1: Description | C1: Brand | D1: NCC Only or Mix | E1: Flavor | F1: Form Type | G1: Pack size (# of pieces) | H1: Pack Type | I1: Shape | J1: Graphics | K1: Size Of Each Candy Piece | L1: Individually Wrapped Vs Unwrapped | M1: Single Brand/Flavor Vs Variety Of Brands/Flavors
A2: 8001 | B2: Airheads Halloween Chewy Candy Bars, Assorted, Nut Free, Regular Size, 33oz, 60 Count | C2: Airheads | D2: Non-Chocolate Candy Only | E2: Variety / Mixed Flavors (Fruity, Sour, Seasonal Flavors) | F2: Chewy | G2: Medium Multipack (40–80 ct) | H2: Box (theatre box, gift box, carton) | I2: Everyday Candy Shapes (like Original, Gummy bear, Fruit, Jewels, etc.) | J2: Seasonal Graphics (Like Bat, Ghost, Pumpkin, Fall Leaves, Eyeballs, etc.) | K2: Fun Size / Treat Size | L2: Regular/Original Wrapping | M2: Single Brand / Variety Flavors or Form
A3: 8002 | B3: AirHeads Halloween Variety Pack Candy, 0.55 oz., 90 pk. | C3: Airheads | D3: Non-Chocolate Candy Only | E3: Variety / Mixed Flavors (Fruity, Sour, Seasonal Flavors) | F3: Chewy | G3: Large Multipack (More than 80 ct) | H3: Box (theatre box, gift box, carton) | I3: Everyday Candy Shapes (like Original, Gummy bear, Fruit, Jewels, etc.) | J3: Seasonal Graphics (Like Bat, Ghost, Pumpkin, Fall Leaves, Eyeballs, etc.) | K3: Fun Size / Treat Size | L3: Regular/Original Wrapping | M3: Single Brand / Variety Flavors or Form
A4: 8003 | B4: Airheads Bites, Halloween Trick or Treat Candy, Assorted Fruit Flavors, 2 oz Packs (Box of 18 Bags) | C4: Airheads | D4: Non-Chocolate Candy Only | E4: Fruit Flavor (Cherry, Grape, Apple, Citrus, Tropical Fruit) | F4: Candy Pieces / Bites | G4: Small Multipack (Less than 40 ct) | H4: Box (theatre box, gift box, carton) | I4: Everyday Candy Shapes (like Original, Gummy bear, Fruit, Jewels, etc.) | J4: Everyday Graphics | K4: Small Pieces (Tiny bite size candies) | L4: Regular/Original Wrapping | M4: Single Brand / Variety Flavors or Form
A5: 8004 | B5: Airheads Sour Mini Halloween Candy assorted flavors, 5lb Bulk Bag | C5: Airheads | D5: Non-Chocolate Candy Only | E5: Sour | F5: Taffy | G5: Large Multipack (More than 80 ct) | H5: Laydown Bag | I5: Everyday Candy Shapes (like Original, Gummy bear, Fruit, Jewels, etc.) | J5: Everyday Graphics | K5: Fun Size / Treat Size | L5: Regular/Original Wrapping | M5: Single Brand / Variety Flavors or Form
A6: 8005 | B6: Airheads Halloween Candy Variety Bag, Individually Wrapped Assorted Fruit Mini Bars, Nut Free, 12 oz | C6: Airheads | D6: Non-Chocolate Candy Only | E6: Fruit Flavor (Cherry, Grape, Apple, Citrus, Tropical Fruit) | F6: Chewy | G6: Small Multipack (Less than 40 ct) | H6: Laydown Bag | I6: Everyday Candy Shapes (like Original, Gummy bear, Fruit, Jewels, etc.) | J6: Everyday Graphics | K6: Fun Size / Treat Size | L6: Regular/Original Wrapping | M6: Single Brand / Variety Flavors or Form
A7: 8006 | B7: Airheads Chewy Candy Variety Pack, 9 Assorted Fruit Flavored Regular Size Bars, Nut Free, 4.95 oz (2 pack) | C7: Airheads | D7: Non-Chocolate Candy Only | E7: Fruit Flavor (Cherry, Grape, Apple, Citrus, Tropical Fruit) | F7: Chewy | G7: Small Multipack (Less than 40 ct) | H7: Laydown Bag | I7: Everyday Candy Shapes (like Original, Gummy bear, Fruit, Jewels, etc.) | J7: Everyday Graphics | K7: Fun Size / Treat Size | L7: Regular/Original Wrapping | M7: Single Brand / Variety Flavors or Form
A8: 8007 | B8: Airheads Xtremes Belts Candy, Very Berry, 2 oz | C8: Airheads | D8: Non-Chocolate Candy Only | E8: Berry Based (Raspberry, Strawberry, Medley, etc.) | F8: Chewy | G8: Single Pack | H8: Laydown Bag | I8: Everyday Candy Shapes (like Original, Gummy bear, Fruit, Jewels, etc.) | J8: Everyday Graphics | K8: Fun Size / Treat Size | L8: Unwrapped | M8: Single Brand / Single Flavor or Form
A9: 8008 | B9: Airheads Candy Variety Bag, Individually Wrapped Assorted Fruit Mini Bars, Nut Free, 10 oz | C9: Airheads | D9: Non-Chocolate Candy Only | E9: Variety / Mixed Flavors (Fruity, Sour, Seasonal Flavors) | F9: Chewy | G9: Small Multipack (Less than 40 ct) | H9: Stand-Up Bag | I9: Everyday Candy Shapes (like Original, Gummy bear, Fruit, Jewels, etc.) | J9: Everyday Graphics | K9: Fun Size / Treat Size | L9: Regular/Original Wrapping | M9: Single Brand / Variety Flavors or Form
A10: 8009 | B10: Airheads Shareable Chewy Candy Bites, Assorted Fruit Flavor, Nut Free, Regular Size, 4 oz (2 pack) | C10: Airheads | D10: Non-Chocolate Candy Only | E10: Fruit Flavor (Cherry, Grape, Apple, Citrus, Tropical Fruit) | F10: Candy Pieces / Bites | G10: Small Multipack (Less than 40 ct) | H10: Laydown Bag | I10: Everyday Candy Shapes (like Original, Gummy bear, Fruit, Jewels, etc.) | J10: Everyday Graphics | K10: Small Pieces (Tiny bite size candies) | L10: Unwrapped | M10: Single Brand / Variety Flavors or Form
A11: 8010 | B11: Airheads Chewy Candy Variety Pack, 9 Sour Flavored Regular Size Bars, Nut Free, 4.95 oz (2 pack) | C11: Airheads | D11: Non-Chocolate Candy Only | E11: Sour | F11: Chewy | G11: Small Multipack (Less than 40 ct) | H11: Laydown Bag | I11: Everyday Candy Shapes (like Original, Gummy bear, Fruit, Jewels, etc.) | J11: Everyday Graphics | K11: Fun Size / Treat Size | L11: Regular/Original Wrapping | M11: Single Brand / Variety Flavors or Form
A12: 8011 | B12: Albanese World's Best, Halloween 12 Flavor Gummi Bear Cubs®, 50-0.5oz Trick or Treat Bags of Halloween Candy | C12: Albanese | D12: Non-Chocolate Candy Only | E12: Sweet | F12: Gummy | G12: Single Pack | H12: Laydown Bag | I12: Everyday Candy Shapes (like Original, Gummy bear, Fruit, Jewels, etc.) | J12: Seasonal Graphics (Like Bat, Ghost, Pumpkin, Fall Leaves, Eyeballs, etc.) | K12: Small Pieces (Tiny bite size candies) | L12: Regular/Original Wrapping | M12: Single Brand / Variety Flavors or Form
A13: 8012 | B13: Albanese Sweet & Sour Monster Combo 16ct Trick-or-Treat Bag of Halloween Candy | C13: Albanese | D13: Non-Chocolate Candy Only | E13: Variety / Mixed Flavors (Fruity, Sour, Seasonal Flavors) | F13: Gummy | G13: Single Pack | H13: Laydown Bag | I13: Everyday Candy Shapes (like Original, Gummy bear, Fruit, Jewels, etc.) | J13: Seasonal Graphics (Like Bat, Ghost, Pumpkin, Fall Leaves, Eyeballs, etc.) | K13: Small Pieces (Tiny bite size candies) | L13: Regular/Original Wrapping | M13: Single Brand / Variety Flavors or Form
... A357: 9999 | B357: z-I wouldn’t substitute anything | C357: I wouldn’t substitute anything | D357: I wouldn’t substitute anything | E357: I wouldn’t substitute anything | F357: I wouldn’t substitute anything | G357: I wouldn’t substitute anything | H357: I wouldn’t substitute anything | I357: I wouldn’t substitute anything | J357: I wouldn’t substitute anything | K357: I wouldn’t substitute anything | L357: I wouldn’t substitute anything | M357: I wouldn’t substitute anything

Sheet Sheet1
A1: HidProduct | B1: Brand | C1: CandyMixStacked | D1: FlavorStacked | E1: FormTypeStacked | F1: PackSizeStacked | G1: PackTypeStacked | H1: ShapeStacked | I1: GraphicsStacked | J1: SizeOfEachCandyPiecesStacked | K1: IndividuallyWrappedVsUnwrappedStacked | L1: SingleBrand/FlavorVsVarietyOfBrands/FlavorsStacked
A2: Flix Candy Beetlejuice Gummies, 22 Count Resealable Laydown Bag, Halloween Candy | B2: =_xlfn.XLOOKUP($A2,Load!$B:$B,Load!C:C,0,) -> Flix | C2: =_xlfn.XLOOKUP($A2,Load!$B:$B,Load!D:D,0,) -> Non-Chocolate Candy Only | D2: =_xlfn.XLOOKUP($A2,Load!$B:$B,Load!E:E,0,) -> Fruit Flavor (Cherry, Grape, Apple, Citrus, Tropical Fruit) | E2: =_xlfn.XLOOKUP($A2,Load!$B:$B,Load!F:F,0,) -> Gummy | F2: =_xlfn.XLOOKUP($A2,Load!$B:$B,Load!G:G,0,) -> Small Multipack (Less than 40 ct) | G2: =_xlfn.XLOOKUP($A2,Load!$B:$B,Load!H:H,0,) -> Laydown Bag | H2: =_xlfn.XLOOKUP($A2,Load!$B:$B,Load!I:I,0,) -> Seasonal Shapes (like pumpkins, candy corn, ghost, bats, etc.) | I2: =_xlfn.XLOOKUP($A2,Load!$B:$B,Load!J:J,0,) -> Seasonal Graphics (Like Bat, Ghost, Pumpkin, Fall Leaves, Eyeballs, etc.) | J2: =_xlfn.XLOOKUP($A2,Load!$B:$B,Load!K:K,0,) -> Small Pieces (Tiny bite size candies) | K2: =_xlfn.XLOOKUP($A2,Load!$B:$B,Load!L:L,0,) -> Regular/Original Wrapping | L2: =_xlfn.XLOOKUP($A2,Load!$B:$B,Load!M:M,0,) -> Single Brand / Variety Flavors or Form
B3: =_xlfn.XLOOKUP($A3,Load!$B:$B,Load!C:C,0,) -> 0 | C3: =_xlfn.XLOOKUP($A3,Load!$B:$B,Load!D:D,0,) -> 0 | D3: =_xlfn.XLOOKUP($A3,Load!$B:$B,Load!E:E,0,) -> 0 | E3: =_xlfn.XLOOKUP($A3,Load!$B:$B,Load!F:F,0,) -> 0 | F3: =_xlfn.XLOOKUP($A3,Load!$B:$B,Load!G:G,0,) -> 0 | G3: =_xlfn.XLOOKUP($A3,Load!$B:$B,Load!H:H,0,) -> 0 | H3: =_xlfn.XLOOKUP($A3,Load!$B:$B,Load!I:I,0,) -> 0 | I3: =_xlfn.XLOOKUP($A3,Load!$B:$B,Load!J:J,0,) -> 0 | J3: =_xlfn.XLOOKUP($A3,Load!$B:$B,Load!K:K,0,) -> 0 | K3: =_xlfn.XLOOKUP($A3,Load!$B:$B,Load!L:L,0,) -> 0 | L3: =_xlfn.XLOOKUP($A3,Load!$B:$B,Load!M:M,0,) -> 0
A4: M&M's, Snickers, 3 Musketeers, Skittles & Starburst Variety Pack Full Size Candy Assortment - 30 Bars | B4: =_xlfn.XLOOKUP($A4,Load!$B:$B,Load!C:C,0,) -> Mars Variety Pack | C4: =_xlfn.XLOOKUP($A4,Load!$B:$B,Load!D:D,0,) -> Mix of Chocolate and Non-Chocolate Candy | D4: =_xlfn.XLOOKUP($A4,Load!$B:$B,Load!E:E,0,) -> Variety / Mixed Flavors (Fruity, Sour, Seasonal Flavors) | E4: =_xlfn.XLOOKUP($A4,Load!$B:$B,Load!F:F,0,) -> Mixed / Combo Packs (Gummy, Chewy, Taffy, etc.) | F4: =_xlfn.XLOOKUP($A4,Load!$B:$B,Load!G:G,0,) -> Small Multipack (Less than 40 ct) | G4: =_xlfn.XLOOKUP($A4,Load!$B:$B,Load!H:H,0,) -> Box (theatre box, gift box, carton) | H4: =_xlfn.XLOOKUP($A4,Load!$B:$B,Load!I:I,0,) -> Everyday Candy Shapes (like Original, Gummy bear, Fruit, Jewels, etc.) | I4: =_xlfn.XLOOKUP($A4,Load!$B:$B,Load!J:J,0,) -> Everyday Graphics | J4: =_xlfn.XLOOKUP($A4,Load!$B:$B,Load!K:K,0,) -> Fun Size / Treat Size | K4: =_xlfn.XLOOKUP($A4,Load!$B:$B,Load!L:L,0,) -> Regular/Original Wrapping | L4: =_xlfn.XLOOKUP($A4,Load!$B:$B,Load!M:M,0,) -> Multiple Brands / Variety Flavors or Form
B5: =_xlfn.XLOOKUP($A5,Load!$B:$B,Load!C:C,0,) -> 0 | C5: =_xlfn.XLOOKUP($A5,Load!$B:$B,Load!D:D,0,) -> 0 | D5: =_xlfn.XLOOKUP($A5,Load!$B:$B,Load!E:E,0,) -> 0 | E5: =_xlfn.XLOOKUP($A5,Load!$B:$B,Load!F:F,0,) -> 0 | F5: =_xlfn.XLOOKUP($A5,Load!$B:$B,Load!G:G,0,) -> 0 | G5: =_xlfn.XLOOKUP($A5,Load!$B:$B,Load!H:H,0,) -> 0 | H5: =_xlfn.XLOOKUP($A5,Load!$B:$B,Load!I:I,0,) -> 0 | I5: =_xlfn.XLOOKUP($A5,Load!$B:$B,Load!J:J,0,) -> 0 | J5: =_xlfn.XLOOKUP($A5,Load!$B:$B,Load!K:K,0,) -> 0 | K5: =_xlfn.XLOOKUP($A5,Load!$B:$B,Load!L:L,0,) -> 0 | L5: =_xlfn.XLOOKUP($A5,Load!$B:$B,Load!M:M,0,) -> 0
A6: Trolli Mini Sour Brite Crawlers, Halloween Sour Candy Treat Sized, Trick-or-Treating and Fall Parties, 9.6 oz Bag, 16 Co | B6: =_xlfn.XLOOKUP($A6,Load!$B:$B,Load!C:C,0,) -> Trolli | C6: =_xlfn.XLOOKUP($A6,Load!$B:$B,Load!D:D,0,) -> Non-Chocolate Candy Only | D6: =_xlfn.XLOOKUP($A6,Load!$B:$B,Load!E:E,0,) -> Sour | E6: =_xlfn.XLOOKUP($A6,Load!$B:$B,Load!F:F,0,) -> Gummy | F6: =_xlfn.XLOOKUP($A6,Load!$B:$B,Load!G:G,0,) -> Small Multipack (Less than 40 ct) | G6: =_xlfn.XLOOKUP($A6,Load!$B:$B,Load!H:H,0,) -> Laydown Bag | H6: =_xlfn.XLOOKUP($A6,Load!$B:$B,Load!I:I,0,) -> Seasonal Shapes (like pumpkins, candy corn, ghost, bats, etc.) | I6: =_xlfn.XLOOKUP($A6,Load!$B:$B,Load!J:J,0,) -> Seasonal Graphics (Like Bat, Ghost, Pumpkin, Fall Leaves, Eyeballs, etc.) | J6: =_xlfn.XLOOKUP($A6,Load!$B:$B,Load!K:K,0,) -> Fun Size / Treat Size | K6: =_xlfn.XLOOKUP($A6,Load!$B:$B,Load!L:L,0,) -> Regular/Original Wrapping | L6: =_xlfn.XLOOKUP($A6,Load!$B:$B,Load!M:M,0,) -> Single Brand / Variety Flavors or Form
B7: =_xlfn.XLOOKUP($A7,Load!$B:$B,Load!C:C,0,) -> 0 | C7: =_xlfn.XLOOKUP($A7,Load!$B:$B,Load!D:D,0,) -> 0 | D7: =_xlfn.XLOOKUP($A7,Load!$B:$B,Load!E:E,0,) -> 0 | E7: =_xlfn.XLOOKUP($A7,Load!$B:$B,Load!F:F,0,) -> 0 | F7: =_xlfn.XLOOKUP($A7,Load!$B:$B,Load!G:G,0,) -> 0 | G7: =_xlfn.XLOOKUP($A7,Load!$B:$B,Load!H:H,0,) -> 0 | H7: =_xlfn.XLOOKUP($A7,Load!$B:$B,Load!I:I,0,) -> 0 | I7: =_xlfn.XLOOKUP($A7,Load!$B:$B,Load!J:J,0,) -> 0 | J7: =_xlfn.XLOOKUP($A7,Load!$B:$B,Load!K:K,0,) -> 0 | K7: =_xlfn.XLOOKUP($A7,Load!$B:$B,Load!L:L,0,) -> 0 | L7: =_xlfn.XLOOKUP($A7,Load!$B:$B,Load!M:M,0,) -> 0
B8: =_xlfn.XLOOKUP($A8,Load!$B:$B,Load!C:C,0,) -> 0 | C8: =_xlfn.XLOOKUP($A8,Load!$B:$B,Load!D:D,0,) -> 0 | D8: =_xlfn.XLOOKUP($A8,Load!$B:$B,Load!E:E,0,) -> 0 | E8: =_xlfn.XLOOKUP($A8,Load!$B:$B,Load!F:F,0,) -> 0 | F8: =_xlfn.XLOOKUP($A8,Load!$B:$B,Load!G:G,0,) -> 0 | G8: =_xlfn.XLOOKUP($A8,Load!$B:$B,Load!H:H,0,) -> 0 | H8: =_xlfn.XLOOKUP($A8,Load!$B:$B,Load!I:I,0,) -> 0 | I8: =_xlfn.XLOOKUP($A8,Load!$B:$B,Load!J:J,0,) -> 0 | J8: =_xlfn.XLOOKUP($A8,Load!$B:$B,Load!K:K,0,) -> 0 | K8: =_xlfn.XLOOKUP($A8,Load!$B:$B,Load!L:L,0,) -> 0 | L8: =_xlfn.XLOOKUP($A8,Load!$B:$B,Load!M:M,0,) -> 0
B9: =_xlfn.XLOOKUP($A9,Load!$B:$B,Load!C:C,0,) -> 0 | C9: =_xlfn.XLOOKUP($A9,Load!$B:$B,Load!D:D,0,) -> 0 | D9: =_xlfn.XLOOKUP($A9,Load!$B:$B,Load!E:E,0,) -> 0 | E9: =_xlfn.XLOOKUP($A9,Load!$B:$B,Load!F:F,0,) -> 0 | F9: =_xlfn.XLOOKUP($A9,Load!$B:$B,Load!G:G,0,) -> 0 | G9: =_xlfn.XLOOKUP($A9,Load!$B:$B,Load!H:H,0,) -> 0 | H9: =_xlfn.XLOOKUP($A9,Load!$B:$B,Load!I:I,0,) -> 0 | I9: =_xlfn.XLOOKUP($A9,Load!$B:$B,Load!J:J,0,) -> 0 | J9: =_xlfn.XLOOKUP($A9,Load!$B:$B,Load!K:K,0,) -> 0 | K9: =_xlfn.XLOOKUP($A9,Load!$B:$B,Load!L:L,0,) -> 0 | L9: =_xlfn.XLOOKUP($A9,Load!$B:$B,Load!M:M,0,) -> 0
A10: Mars Assorted M&M'S, SNICKERS, SKITTLES, STARBURST Halloween Pack 18.5 Oz 40 Ct | B10: =_xlfn.XLOOKUP($A10,Load!$B:$B,Load!C:C,0,) -> Mars Variety Pack | C10: =_xlfn.XLOOKUP($A10,Load!$B:$B,Load!D:D,0,) -> Mix of Chocolate and Non-Chocolate Candy | D10: =_xlfn.XLOOKUP($A10,Load!$B:$B,Load!E:E,0,) -> Variety / Mixed Flavors (Fruity, Sour, Seasonal Flavors) | E10: =_xlfn.XLOOKUP($A10,Load!$B:$B,Load!F:F,0,) -> Mixed / Combo Packs (Gummy, Chewy, Taffy, etc.) | F10: =_xlfn.XLOOKUP($A10,Load!$B:$B,Load!G:G,0,) -> Medium Multipack (40–80 ct) | G10: =_xlfn.XLOOKUP($A10,Load!$B:$B,Load!H:H,0,) -> Stand-Up Bag | H10: =_xlfn.XLOOKUP($A10,Load!$B:$B,Load!I:I,0,) -> Everyday Candy Shapes (like Original, Gummy bear, Fruit, Jewels, etc.) | I10: =_xlfn.XLOOKUP($A10,Load!$B:$B,Load!J:J,0,) -> Seasonal Graphics (Like Bat, Ghost, Pumpkin, Fall Leaves, Eyeballs, etc.) | J10: =_xlfn.XLOOKUP($A10,Load!$B:$B,Load!K:K,0,) -> Fun Size / Treat Size | K10: =_xlfn.XLOOKUP($A10,Load!$B:$B,Load!L:L,0,) -> Regular/Original Wrapping | L10: =_xlfn.XLOOKUP($A10,Load!$B:$B,Load!M:M,0,) -> Multiple Brands / Variety Flavors or Form
A11: Mars Halloween Mixed Assorted Chocolate & Hard Candy, 21.75 oz, Bag 21.75 Oz 55 Ct | B11: =_xlfn.XLOOKUP($A11,Load!$B:$B,Load!C:C,0,) -> Mars Variety Pack | C11: =_xlfn.XLOOKUP($A11,Load!$B:$B,Load!D:D,0,) -> Mix of Chocolate and Non-Chocolate Candy | D11: =_xlfn.XLOOKUP($A11,Load!$B:$B,Load!E:E,0,) -> Variety / Mixed Flavors (Fruity, Sour, Seasonal Flavors) | E11: =_xlfn.XLOOKUP($A11,Load!$B:$B,Load!F:F,0,) -> Mixed / Combo Packs (Gummy, Chewy, Taffy, etc.) | F11: =_xlfn.XLOOKUP($A11,Load!$B:$B,Load!G:G,0,) -> Medium Multipack (40–80 ct) | G11: =_xlfn.XLOOKUP($A11,Load!$B:$B,Load!H:H,0,) -> Stand-Up Bag | H11: =_xlfn.XLOOKUP($A11,Load!$B:$B,Load!I:I,0,) -> Everyday Candy Shapes (like Original, Gummy bear, Fruit, Jewels, etc.) | I11: =_xlfn.XLOOKUP($A11,Load!$B:$B,Load!J:J,0,) -> Seasonal Graphics (Like Bat, Ghost, Pumpkin, Fall Leaves, Eyeballs, etc.) | J11: =_xlfn.XLOOKUP($A11,Load!$B:$B,Load!K:K,0,) -> Fun Size / Treat Size | K11: =_xlfn.XLOOKUP($A11,Load!$B:$B,Load!L:L,0,) -> Regular/Original Wrapping | L11: =_xlfn.XLOOKUP($A11,Load!$B:$B,Load!M:M,0,) -> Multiple Brands / Variety Flavors or Form
B12: =_xlfn.XLOOKUP($A12,Load!$B:$B,Load!C:C,0,) -> 0 | C12: =_xlfn.XLOOKUP($A12,Load!$B:$B,Load!D:D,0,) -> 0 | D12: =_xlfn.XLOOKUP($A12,Load!$B:$B,Load!E:E,0,) -> 0 | E12: =_xlfn.XLOOKUP($A12,Load!$B:$B,Load!F:F,0,) -> 0 | F12: =_xlfn.XLOOKUP($A12,Load!$B:$B,Load!G:G,0,) -> 0 | G12: =_xlfn.XLOOKUP($A12,Load!$B:$B,Load!H:H,0,) -> 0 | H12: =_xlfn.XLOOKUP($A12,Load!$B:$B,Load!I:I,0,) -> 0 | I12: =_xlfn.XLOOKUP($A12,Load!$B:$B,Load!J:J,0,) -> 0 | J12: =_xlfn.XLOOKUP($A12,Load!$B:$B,Load!K:K,0,) -> 0 | K12: =_xlfn.XLOOKUP($A12,Load!$B:$B,Load!L:L,0,) -> 0 | L12: =_xlfn.XLOOKUP($A12,Load!$B:$B,Load!M:M,0,) -> 0
B13: =_xlfn.XLOOKUP($A13,Load!$B:$B,Load!C:C,0,) -> 0 | C13: =_xlfn.XLOOKUP($A13,Load!$B:$B,Load!D:D,0,) -> 0 | D13: =_xlfn.XLOOKUP($A13,Load!$B:$B,Load!E:E,0,) -> 0 | E13: =_xlfn.XLOOKUP($A13,Load!$B:$B,Load!F:F,0,) -> 0 | F13: =_xlfn.XLOOKUP($A13,Load!$B:$B,Load!G:G,0,) -> 0 | G13: =_xlfn.XLOOKUP($A13,Load!$B:$B,Load!H:H,0,) -> 0 | H13: =_xlfn.XLOOKUP($A13,Load!$B:$B,Load!I:I,0,) -> 0 | I13: =_xlfn.XLOOKUP($A13,Load!$B:$B,Load!J:J,0,) -> 0 | J13: =_xlfn.XLOOKUP($A13,Load!$B:$B,Load!K:K,0,) -> 0 | K13: =_xlfn.XLOOKUP($A13,Load!$B:$B,Load!L:L,0,) -> 0 | L13: =_xlfn.XLOOKUP($A13,Load!$B:$B,Load!M:M,0,) -> 0
B14: =_xlfn.XLOOKUP($A14,Load!$B:$B,Load!C:C,0,) -> 0 | C14: =_xlfn.XLOOKUP($A14,Load!$B:$B,Load!D:D,0,) -> 0 | D14: =_xlfn.XLOOKUP($A14,Load!$B:$B,Load!E:E,0,) -> 0 | E14: =_xlfn.XLOOKUP($A14,Load!$B:$B,Load!F:F,0,) -> 0 | F14: =_xlfn.XLOOKUP($A14,Load!$B:$B,Load!G:G,0,) -> 0 | G14: =_xlfn.XLOOKUP($A14,Load!$B:$B,Load!H:H,0,) -> 0 | H14: =_xlfn.XLOOKUP($A14,Load!$B:$B,Load!I:I,0,) -> 0 | I14: =_xlfn.XLOOKUP($A14,Load!$B:$B,Load!J:J,0,) -> 0 | J14: =_xlfn.XLOOKUP($A14,Load!$B:$B,Load!K:K,0,) -> 0 | K14: =_xlfn.XLOOKUP($A14,Load!$B:$B,Load!L:L,0,) -> 0 | L14: =_xlfn.XLOOKUP($A14,Load!$B:$B,Load!M:M,0,) -> 0
B15: =_xlfn.XLOOKUP($A15,Load!$B:$B,Load!C:C,0,) -> 0 | C15: =_xlfn.XLOOKUP($A15,Load!$B:$B,Load!D:D,0,) -> 0 | D15: =_xlfn.XLOOKUP($A15,Load!$B:$B,Load!E:E,0,) -> 0 | E15: =_xlfn.XLOOKUP($A15,Load!$B:$B,Load!F:F,0,) -> 0 | F15: =_xlfn.XLOOKUP($A15,Load!$B:$B,Load!G:G,0,) -> 0 | G15: =_xlfn.XLOOKUP($A15,Load!$B:$B,Load!H:H,0,) -> 0 | H15: =_xlfn.XLOOKUP($A15,Load!$B:$B,Load!I:I,0,) -> 0 | I15: =_xlfn.XLOOKUP($A15,Load!$B:$B,Load!J:J,0,) -> 0 | J15: =_xlfn.XLOOKUP($A15,Load!$B:$B,Load!K:K,0,) -> 0 | K15: =_xlfn.XLOOKUP($A15,Load!$B:$B,Load!L:L,0,) -> 0 | L15: =_xlfn.XLOOKUP($A15,Load!$B:$B,Load!M:M,0,) -> 0
A16: HARIBO Happy House Mix Halloween Assorted Fruit Flavor and Shapes Gummy Candy, 32oz Bag, 80ct Mini Gummy Pouches | B16: =_xlfn.XLOOKUP($A16,Load!$B:$B,Load!C:C,0,) -> HARIBO | C16: =_xlfn.XLOOKUP($A16,Load!$B:$B,Load!D:D,0,) -> Non-Chocolate Candy Only | D16: =_xlfn.XLOOKUP($A16,Load!$B:$B,Load!E:E,0,) -> Variety / Mixed Flavors (Fruity, Sour, Seasonal Flavors) | E16: =_xlfn.XLOOKUP($A16,Load!$B:$B,Load!F:F,0,) -> Gummy | F16: =_xlfn.XLOOKUP($A16,Load!$B:$B,Load!G:G,0,) -> Medium Multipack (40–80 ct) | G16: =_xlfn.XLOOKUP($A16,Load!$B:$B,Load!H:H,0,) -> Laydown Bag | H16: =_xlfn.XLOOKUP($A16,Load!$B:$B,Load!I:I,0,) -> Seasonal Shapes (like pumpkins, candy corn, ghost, bats, etc.) | I16: =_xlfn.XLOOKUP($A16,Load!$B:$B,Load!J:J,0,) -> Seasonal Graphics (Like Bat, Ghost, Pumpkin, Fall Leaves, Eyeballs, etc.) | J16: =_xlfn.XLOOKUP($A16,Load!$B:$B,Load!K:K,0,) -> Small Pieces (Tiny bite size candies) | K16: =_xlfn.XLOOKUP($A16,Load!$B:$B,Load!L:L,0,) -> Regular/Original Wrapping | L16: =_xlfn.XLOOKUP($A16,Load!$B:$B,Load!M:M,0,) -> Multiple Brands / Variety Flavors or Form
B17: =_xlfn.XLOOKUP($A17,Load!$B:$B,Load!C:C,0,) -> 0 | C17: =_xlfn.XLOOKUP($A17,Load!$B:$B,Load!D:D,0,) -> 0 | D17: =_xlfn.XLOOKUP($A17,Load!$B:$B,Load!E:E,0,) -> 0 | E17: =_xlfn.XLOOKUP($A17,Load!$B:$B,Load!F:F,0,) -> 0 | F17: =_xlfn.XLOOKUP($A17,Load!$B:$B,Load!G:G,0,) -> 0 | G17: =_xlfn.XLOOKUP($A17,Load!$B:$B,Load!H:H,0,) -> 0 | H17: =_xlfn.XLOOKUP($A17,Load!$B:$B,Load!I:I,0,) -> 0 | I17: =_xlfn.XLOOKUP($A17,Load!$B:$B,Load!J:J,0,) -> 0 | J17: =_xlfn.XLOOKUP($A17,Load!$B:$B,Load!K:K,0,) -> 0 | K17: =_xlfn.XLOOKUP($A17,Load!$B:$B,Load!L:L,0,) -> 0 | L17: =_xlfn.XLOOKUP($A17,Load!$B:$B,Load!M:M,0,) -> 0
B18: =_xlfn.XLOOKUP($A18,Load!$B:$B,Load!C:C,0,) -> 0 | C18: =_xlfn.XLOOKUP($A18,Load!$B:$B,Load!D:D,0,) -> 0 | D18: =_xlfn.XLOOKUP($A18,Load!$B:$B,Load!E:E,0,) -> 0 | E18: =_xlfn.XLOOKUP($A18,Load!$B:$B,Load!F:F,0,) -> 0 | F18: =_xlfn.XLOOKUP($A18,Load!$B:$B,Load!G:G,0,) -> 0 | G18: =_xlfn.XLOOKUP($A18,Load!$B:$B,Load!H:H,0,) -> 0 | H18: =_xlfn.XLOOKUP($A18,Load!$B:$B,Load!I:I,0,) -> 0 | I18: =_xlfn.XLOOKUP($A18,Load!$B:$B,Load!J:J,0,) -> 0 | J18: =_xlfn.XLOOKUP($A18,Load!$B:$B,Load!K:K,0,) -> 0 | K18: =_xlfn.XLOOKUP($A18,Load!$B:$B,Load!L:L,0,) -> 0 | L18: =_xlfn.XLOOKUP($A18,Load!$B:$B,Load!M:M,0,) -> 0
B19: =_xlfn.XLOOKUP($A19,Load!$B:$B,Load!C:C,0,) -> 0 | C19: =_xlfn.XLOOKUP($A19,Load!$B:$B,Load!D:D,0,) -> 0 | D19: =_xlfn.XLOOKUP($A19,Load!$B:$B,Load!E:E,0,) -> 0 | E19: =_xlfn.XLOOKUP($A19,Load!$B:$B,Load!F:F,0,) -> 0 | F19: =_xlfn.XLOOKUP($A19,Load!$B:$B,Load!G:G,0,) -> 0 | G19: =_xlfn.XLOOKUP($A19,Load!$B:$B,Load!H:H,0,) -> 0 | H19: =_xlfn.XLOOKUP($A19,Load!$B:$B,Load!I:I,0,) -> 0 | I19: =_xlfn.XLOOKUP($A19,Load!$B:$B,Load!J:J,0,) -> 0 | J19: =_xlfn.XLOOKUP($A19,Load!$B:$B,Load!K:K,0,) -> 0 | K19: =_xlfn.XLOOKUP($A19,Load!$B:$B,Load!L:L,0,) -> 0 | L19: =_xlfn.XLOOKUP($A19,Load!$B:$B,Load!M:M,0,) -> 0
A20: Mars Halloween Variety Pack Candy, Mini & Fun Size, 185 pcs. | B20: =_xlfn.XLOOKUP($A20,Load!$B:$B,Load!C:C,0,) -> Mars Variety Pack | C20: =_xlfn.XLOOKUP($A20,Load!$B:$B,Load!D:D,0,) -> Mix of Chocolate and Non-Chocolate Candy | D20: =_xlfn.XLOOKUP($A20,Load!$B:$B,Load!E:E,0,) -> Variety / Mixed Flavors (Fruity, Sour, Seasonal Flavors) | E20: =_xlfn.XLOOKUP($A20,Load!$B:$B,Load!F:F,0,) -> Mixed / Combo Packs (Gummy, Chewy, Taffy, etc.) | F20: =_xlfn.XLOOKUP($A20,Load!$B:$B,Load!G:G,0,) -> Large Multipack (More than 80 ct) | G20: =_xlfn.XLOOKUP($A20,Load!$B:$B,Load!H:H,0,) -> Stand-Up Bag | H20: =_xlfn.XLOOKUP($A20,Load!$B:$B,Load!I:I,0,) -> Everyday Candy Shapes (like Original, Gummy bear, Fruit, Jewels, etc.) | I20: =_xlfn.XLOOKUP($A20,Load!$B:$B,Load!J:J,0,) -> Seasonal Graphics (Like Bat, Ghost, Pumpkin, Fall Leaves, Eyeballs, etc.) | J20: =_xlfn.XLOOKUP($A20,Load!$B:$B,Load!K:K,0,) -> Fun Size / Treat Size | K20: =_xlfn.XLOOKUP($A20,Load!$B:$B,Load!L:L,0,) -> Regular/Original Wrapping | L20: =_xlfn.XLOOKUP($A20,Load!$B:$B,Load!M:M,0,) -> Multiple Brands / Variety Flavors or Form
B21: =_xlfn.XLOOKUP($A21,Load!$B:$B,Load!C:C,0,) -> 0 | C21: =_xlfn.XLOOKUP($A21,Load!$B:$B,Load!D:D,0,) -> 0 | D21: =_xlfn.XLOOKUP($A21,Load!$B:$B,Load!E:E,0,) -> 0 | E21: =_xlfn.XLOOKUP($A21,Load!$B:$B,Load!F:F,0,) -> 0 | F21: =_xlfn.XLOOKUP($A21,Load!$B:$B,Load!G:G,0,) -> 0 | G21: =_xlfn.XLOOKUP($A21,Load!$B:$B,Load!H:H,0,) -> 0 | H21: =_xlfn.XLOOKUP($A21,Load!$B:$B,Load!I:I,0,) -> 0 | I21: =_xlfn.XLOOKUP($A21,Load!$B:$B,Load!J:J,0,) -> 0 | J21: =_xlfn.XLOOKUP($A21,Load!$B:$B,Load!K:K,0,) -> 0 | K21: =_xlfn.XLOOKUP($A21,Load!$B:$B,Load!L:L,0,) -> 0 | L21: =_xlfn.XLOOKUP($A21,Load!$B:$B,Load!M:M,0,) -> 0
A22: Starburst, Life Savers & Hubba Bubba Halloween Candy Variety Pack - 190 Ct Bulk Bag | B22: =_xlfn.XLOOKUP($A22,Load!$B:$B,Load!C:C,0,) -> Mars Variety Pack | C22: =_xlfn.XLOOKUP($A22,Load!$B:$B,Load!D:D,0,) -> Non-Chocolate Candy Only | D22: =_xlfn.XLOOKUP($A22,Load!$B:$B,Load!E:E,0,) -> Variety / Mixed Flavors (Fruity, Sour, Seasonal Flavors) | E22: =_xlfn.XLOOKUP($A22,Load!$B:$B,Load!F:F,0,) -> Mixed / Combo Packs (Gummy, Chewy, Taffy, etc.) | F22: =_xlfn.XLOOKUP($A22,Load!$B:$B,Load!G:G,0,) -> Large Multipack (More than 80 ct) | G22: =_xlfn.XLOOKUP($A22,Load!$B:$B,Load!H:H,0,) -> Stand-Up Bag | H22: =_xlfn.XLOOKUP($A22,Load!$B:$B,Load!I:I,0,) -> Everyday Candy Shapes (like Original, Gummy bear, Fruit, Jewels, etc.) | I22: =_xlfn.XLOOKUP($A22,Load!$B:$B,Load!J:J,0,) -> Seasonal Graphics (Like Bat, Ghost, Pumpkin, Fall Leaves, Eyeballs, etc.) | J22: =_xlfn.XLOOKUP($A22,Load!$B:$B,Load!K:K,0,) -> Variety Candy Sizes | K22: =_xlfn.XLOOKUP($A22,Load!$B:$B,Load!L:L,0,) -> Regular/Original Wrapping | L22: =_xlfn.XLOOKUP($A22,Load!$B:$B,Load!M:M,0,) -> Multiple Brands / Variety Flavors or Form
A23: Starburst, Life Savers & Hubba Bubba Halloween Candy Variety - 255 Ct Bulk Bag | B23: =_xlfn.XLOOKUP($A23,Load!$B:$B,Load!C:C,0,) -> Mars Variety Pack | C23: =_xlfn.XLOOKUP($A23,Load!$B:$B,Load!D:D,0,) -> Non-Chocolate Candy Only | D23: =_xlfn.XLOOKUP($A23,Load!$B:$B,Load!E:E,0,) -> Variety / Mixed Flavors (Fruity, Sour, Seasonal Flavors) | E23: =_xlfn.XLOOKUP($A23,Load!$B:$B,Load!F:F,0,) -> Mixed / Combo Packs (Gummy, Chewy, Taffy, etc.) | F23: =_xlfn.XLOOKUP($A23,Load!$B:$B,Load!G:G,0,) -> Large Multipack (More than 80 ct) | G23: =_xlfn.XLOOKUP($A23,Load!$B:$B,Load!H:H,0,) -> Stand-Up Bag | H23: =_xlfn.XLOOKUP($A23,Load!$B:$B,Load!I:I,0,) -> Everyday Candy Shapes (like Original, Gummy bear, Fruit, Jewels, etc.) | I23: =_xlfn.XLOOKUP($A23,Load!$B:$B,Load!J:J,0,) -> Seasonal Graphics (Like Bat, Ghost, Pumpkin, Fall Leaves, Eyeballs, etc.) | J23: =_xlfn.XLOOKUP($A23,Load!$B:$B,Load!K:K,0,) -> Fun Size / Treat Size | K23: =_xlfn.XLOOKUP($A23,Load!$B:$B,Load!L:L,0,) -> Regular/Original Wrapping | L23: =_xlfn.XLOOKUP($A23,Load!$B:$B,Load!M:M,0,) -> Multiple Brands / Variety Flavors or Form
A24: Nerds Halloween Assorted Variety Bag, 70 Pieces, 32.21 Oz | B24: =_xlfn.XLOOKUP($A24,Load!$B:$B,Load!C:C,0,) -> Nerds | C24: =_xlfn.XLOOKUP($A24,Load!$B:$B,Load!D:D,0,) -> Non-Chocolate Candy Only | D24: =_xlfn.XLOOKUP($A24,Load!$B:$B,Load!E:E,0,) -> Sweet | E24: =_xlfn.XLOOKUP($A24,Load!$B:$B,Load!F:F,0,) -> Mixed / Combo Packs (Gummy, Chewy, Taffy, etc.) | F24: =_xlfn.XLOOKUP($A24,Load!$B:$B,Load!G:G,0,) -> Medium Multipack (40–80 ct) | G24: =_xlfn.XLOOKUP($A24,Load!$B:$B,Load!H:H,0,) -> Stand-Up Bag | H24: =_xlfn.XLOOKUP($A24,Load!$B:$B,Load!I:I,0,) -> Everyday Candy Shapes (like Original, Gummy bear, Fruit, Jewels, etc.) | I24: =_xlfn.XLOOKUP($A24,Load!$B:$B,Load!J:J,0,) -> Seasonal Graphics (Like Bat, Ghost, Pumpkin, Fall Leaves, Eyeballs, etc.) | J24: =_xlfn.XLOOKUP($A24,Load!$B:$B,Load!K:K,0,) -> Variety Candy Sizes | K24: =_xlfn.XLOOKUP($A24,Load!$B:$B,Load!L:L,0,) -> Regular/Original Wrapping | L24: =_xlfn.XLOOKUP($A24,Load!$B:$B,Load!M:M,0,) -> Single Brand / Variety Flavors or Form
A25: Tootsie Caramel Apple Lollipops, Green Apple Flavored, 6.82 oz | B25: =_xlfn.XLOOKUP($A25,Load!$B:$B,Load!C:C,0,) -> Tootsie | C25: =_xlfn.XLOOKUP($A25,Load!$B:$B,Load!D:D,0,) -> Non-Chocolate Candy Only | D25: =_xlfn.XLOOKUP($A25,Load!$B:$B,Load!E:E,0,) -> Fall / Seasonal Flavors (pumpkin spice, caramel apple, candy corn) | E25: =_xlfn.XLOOKUP($A25,Load!$B:$B,Load!F:F,0,) -> Lollipop (regular or lollipop rings) | F25: =_xlfn.XLOOKUP($A25,Load!$B:$B,Load!G:G,0,) -> Single Pack | G25: =_xlfn.XLOOKUP($A25,Load!$B:$B,Load!H:H,0,) -> Laydown Bag | H25: =_xlfn.XLOOKUP($A25,Load!$B:$B,Load!I:I,0,) -> Everyday Candy Shapes (like Original, Gummy bear, Fruit, Jewels, etc.) | I25: =_xlfn.XLOOKUP($A25,Load!$B:$B,Load!J:J,0,) -> Seasonal Graphics (Like Bat, Ghost, Pumpkin, Fall Leaves, Eyeballs, etc.) | J25: =_xlfn.XLOOKUP($A25,Load!$B:$B,Load!K:K,0,) -> Regular Lollipop size (on sticks or rings) | K25: =_xlfn.XLOOKUP($A25,Load!$B:$B,Load!L:L,0,) -> Regular/Original Wrapping | L25: =_xlfn.XLOOKUP($A25,Load!$B:$B,Load!M:M,0,) -> Single Brand / Single Flavor or Form
A26: Mars Ghoulish Green, Halloween Variety Pack Candy, Fun Size, 80 pcs. | B26: =_xlfn.XLOOKUP($A26,Load!$B:$B,Load!C:C,0,) -> Mars Variety Pack | C26: =_xlfn.XLOOKUP($A26,Load!$B:$B,Load!D:D,0,) -> Mix of Chocolate and Non-Chocolate Candy | D26: =_xlfn.XLOOKUP($A26,Load!$B:$B,Load!E:E,0,) -> Variety / Mixed Flavors (Fruity, Sour, Seasonal Flavors) | E26: =_xlfn.XLOOKUP($A26,Load!$B:$B,Load!F:F,0,) -> Mixed / Combo Packs (Gummy, Chewy, Taffy, etc.) | F26: =_xlfn.XLOOKUP($A26,Load!$B:$B,Load!G:G,0,) -> Medium Multipack (40–80 ct) | G26: =_xlfn.XLOOKUP($A26,Load!$B:$B,Load!H:H,0,) -> Stand-Up Bag | H26: =_xlfn.XLOOKUP($A26,Load!$B:$B,Load!I:I,0,) -> Everyday Candy Shapes (like Original, Gummy bear, Fruit, Jewels, etc.) | I26: =_xlfn.XLOOKUP($A26,Load!$B:$B,Load!J:J,0,) -> Seasonal Graphics (Like Bat, Ghost, Pumpkin, Fall Leaves, Eyeballs, etc.) | J26: =_xlfn.XLOOKUP($A26,Load!$B:$B,Load!K:K,0,) -> Fun Size / Treat Size | K26: =_xlfn.XLOOKUP($A26,Load!$B:$B,Load!L:L,0,) -> Regular/Original Wrapping | L26: =_xlfn.XLOOKUP($A26,Load!$B:$B,Load!M:M,0,) -> Multiple Brands / Variety Flavors or Form
B27: =_xlfn.XLOOKUP($A27,Load!$B:$B,Load!C:C,0,) -> 0 | C27: =_xlfn.XLOOKUP($A27,Load!$B:$B,Load!D:D,0,) -> 0 | D27: =_xlfn.XLOOKUP($A27,Load!$B:$B,Load!E:E,0,) -> 0 | E27: =_xlfn.XLOOKUP($A27,Load!$B:$B,Load!F:F,0,) -> 0 | F27: =_xlfn.XLOOKUP($A27,Load!$B:$B,Load!G:G,0,) -> 0 | G27: =_xlfn.XLOOKUP($A27,Load!$B:$B,Load!H:H,0,) -> 0 | H27: =_xlfn.XLOOKUP($A27,Load!$B:$B,Load!I:I,0,) -> 0 | I27: =_xlfn.XLOOKUP($A27,Load!$B:$B,Load!J:J,0,) -> 0 | J27: =_xlfn.XLOOKUP($A27,Load!$B:$B,Load!K:K,0,) -> 0 | K27: =_xlfn.XLOOKUP($A27,Load!$B:$B,Load!L:L,0,) -> 0 | L27: =_xlfn.XLOOKUP($A27,Load!$B:$B,Load!M:M,0,) -> 0
B28: =_xlfn.XLOOKUP($A28,Load!$B:$B,Load!C:C,0,) -> 0 | C28: =_xlfn.XLOOKUP($A28,Load!$B:$B,Load!D:D,0,) -> 0 | D28: =_xlfn.XLOOKUP($A28,Load!$B:$B,Load!E:E,0,) -> 0 | E28: =_xlfn.XLOOKUP($A28,Load!$B:$B,Load!F:F,0,) -> 0 | F28: =_xlfn.XLOOKUP($A28,Load!$B:$B,Load!G:G,0,) -> 0 | G28: =_xlfn.XLOOKUP($A28,Load!$B:$B,Load!H:H,0,) -> 0 | H28: =_xlfn.XLOOKUP($A28,Load!$B:$B,Load!I:I,0,) -> 0 | I28: =_xlfn.XLOOKUP($A28,Load!$B:$B,Load!J:J,0,) -> 0 | J28: =_xlfn.XLOOKUP($A28,Load!$B:$B,Load!K:K,0,) -> 0 | K28: =_xlfn.XLOOKUP($A28,Load!$B:$B,Load!L:L,0,) -> 0 | L28: =_xlfn.XLOOKUP($A28,Load!$B:$B,Load!M:M,0,) -> 0
B29: =_xlfn.XLOOKUP($A29,Load!$B:$B,Load!C:C,0,) -> 0 | C29: =_xlfn.XLOOKUP($A29,Load!$B:$B,Load!D:D,0,) -> 0 | D29: =_xlfn.XLOOKUP($A29,Load!$B:$B,Load!E:E,0,) -> 0 | E29: =_xlfn.XLOOKUP($A29,Load!$B:$B,Load!F:F,0,) -> 0 | F29: =_xlfn.XLOOKUP($A29,Load!$B:$B,Load!G:G,0,) -> 0 | G29: =_xlfn.XLOOKUP($A29,Load!$B:$B,Load!H:H,0,) -> 0 | H29: =_xlfn.XLOOKUP($A29,Load!$B:$B,Load!I:I,0,) -> 0 | I29: =_xlfn.XLOOKUP($A29,Load!$B:$B,Load!J:J,0,) -> 0 | J29: =_xlfn.XLOOKUP($A29,Load!$B:$B,Load!K:K,0,) -> 0 | K29: =_xlfn.XLOOKUP($A29,Load!$B:$B,Load!L:L,0,) -> 0 | L29: =_xlfn.XLOOKUP($A29,Load!$B:$B,Load!M:M,0,) -> 0
A30: SOUR PATCH KIDS Zombie Orange & Purple Soft & Chewy Halloween Candy, 3.5 oz | B30: =_xlfn.XLOOKUP($A30,Load!$B:$B,Load!C:C,0,) -> Sour Patch Kids | C30: =_xlfn.XLOOKUP($A30,Load!$B:$B,Load!D:D,0,) -> Non-Chocolate Candy Only | D30: =_xlfn.XLOOKUP($A30,Load!$B:$B,Load!E:E,0,) -> Fruit Flavor (Cherry, Grape, Apple, Citrus, Tropical Fruit) | E30: =_xlfn.XLOOKUP($A30,Load!$B:$B,Load!F:F,0,) -> Chewy | F30: =_xlfn.XLOOKUP($A30,Load!$B:$B,Load!G:G,0,) -> Small Multipack (Less than 40 ct) | G30: =_xlfn.XLOOKUP($A30,Load!$B:$B,Load!H:H,0,) -> Box (theatre box, gift box, carton) | H30: =_xlfn.XLOOKUP($A30,Load!$B:$B,Load!I:I,0,) -> Everyday Candy Shapes (like Original, Gummy bear, Fruit, Jewels, etc.) | I30: =_xlfn.XLOOKUP($A30,Load!$B:$B,Load!J:J,0,) -> Seasonal Graphics (Like Bat, Ghost, Pumpkin, Fall Leaves, Eyeballs, etc.) | J30: =_xlfn.XLOOKUP($A30,Load!$B:$B,Load!K:K,0,) -> Small Pieces (Tiny bite size candies) | K30: =_xlfn.XLOOKUP($A30,Load!$B:$B,Load!L:L,0,) -> Unwrapped | L30: =_xlfn.XLOOKUP($A30,Load!$B:$B,Load!M:M,0,) -> Single Brand / Variety Flavors or Form
A31: Brach’s Mellowcreme Caramel Apple Halloween Candy Corn, 9 Ozs, Laydown Bag | B31: =_xlfn.XLOOKUP($A31,Load!$B:$B,Load!C:C,0,) -> Brach's | C31: =_xlfn.XLOOKUP($A31,Load!$B:$B,Load!D:D,0,) -> Non-Chocolate Candy Only | D31: =_xlfn.XLOOKUP($A31,Load!$B:$B,Load!E:E,0,) -> Fall / Seasonal Flavors (pumpkin spice, caramel apple, candy corn) | E31: =_xlfn.XLOOKUP($A31,Load!$B:$B,Load!F:F,0,) -> Candy Pieces / Bites | F31: =_xlfn.XLOOKUP($A31,Load!$B:$B,Load!G:G,0,) -> Single Pack | G31: =_xlfn.XLOOKUP($A31,Load!$B:$B,Load!H:H,0,) -> Laydown Bag | H31: =_xlfn.XLOOKUP($A31,Load!$B:$B,Load!I:I,0,) -> Seasonal Shapes (like pumpkins, candy corn, ghost, bats, etc.) | I31: =_xlfn.XLOOKUP($A31,Load!$B:$B,Load!J:J,0,) -> Seasonal Graphics (Like Bat, Ghost, Pumpkin, Fall Leaves, Eyeballs, etc.) | J31: =_xlfn.XLOOKUP($A31,Load!$B:$B,Load!K:K,0,) -> Small Pieces (Tiny bite size candies) | K31: =_xlfn.XLOOKUP($A31,Load!$B:$B,Load!L:L,0,) -> Unwrapped | L31: =_xlfn.XLOOKUP($A31,Load!$B:$B,Load!M:M,0,) -> Single Brand / Single Flavor or Form
A32: Trolli Mini Sour Brite Crawlers 3.5 Oz Sharepack | B32: =_xlfn.XLOOKUP($A32,Load!$B:$B,Load!C:C,0,) -> Trolli | C32: =_xlfn.XLOOKUP($A32,Load!$B:$B,Load!D:D,0,) -> Non-Chocolate Candy Only | D32: =_xlfn.XLOOKUP($A32,Load!$B:$B,Load!E:E,0,) -> Variety / Mixed Flavors (Fruity, Sour, Seasonal Flavors) | E32: =_xlfn.XLOOKUP($A32,Load!$B:$B,Load!F:F,0,) -> Gummy | F32: =_xlfn.XLOOKUP($A32,Load!$B:$B,Load!G:G,0,) -> Small Multipack (Less than 40 ct) | G32: =_xlfn.XLOOKUP($A32,Load!$B:$B,Load!H:H,0,) -> Laydown Bag | H32: =_xlfn.XLOOKUP($A32,Load!$B:$B,Load!I:I,0,) -> Everyday Candy Shapes (like Original, Gummy bear, Fruit, Jewels, etc.) | I32: =_xlfn.XLOOKUP($A32,Load!$B:$B,Load!J:J,0,) -> Seasonal Graphics (Like Bat, Ghost, Pumpkin, Fall Leaves, Eyeballs, etc.) | J32: =_xlfn.XLOOKUP($A32,Load!$B:$B,Load!K:K,0,) -> Small Pieces (Tiny bite size candies) | K32: =_xlfn.XLOOKUP($A32,Load!$B:$B,Load!L:L,0,) -> Unwrapped | L32: =_xlfn.XLOOKUP($A32,Load!$B:$B,Load!M:M,0,) -> Single Brand / Variety Flavors or Form
B33: =_xlfn.XLOOKUP($A33,Load!$B:$B,Load!C:C,0,) -> 0 | C33: =_xlfn.XLOOKUP($A33,Load!$B:$B,Load!D:D,0,) -> 0 | D33: =_xlfn.XLOOKUP($A33,Load!$B:$B,Load!E:E,0,) -> 0 | E33: =_xlfn.XLOOKUP($A33,Load!$B:$B,Load!F:F,0,) -> 0 | F33: =_xlfn.XLOOKUP($A33,Load!$B:$B,Load!G:G,0,) -> 0 | G33: =_xlfn.XLOOKUP($A33,Load!$B:$B,Load!H:H,0,) -> 0 | H33: =_xlfn.XLOOKUP($A33,Load!$B:$B,Load!I:I,0,) -> 0 | I33: =_xlfn.XLOOKUP($A33,Load!$B:$B,Load!J:J,0,) -> 0 | J33: =_xlfn.XLOOKUP($A33,Load!$B:$B,Load!K:K,0,) -> 0 | K33: =_xlfn.XLOOKUP($A33,Load!$B:$B,Load!L:L,0,) -> 0 | L33: =_xlfn.XLOOKUP($A33,Load!$B:$B,Load!M:M,0,) -> 0
B34: =_xlfn.XLOOKUP($A34,Load!$B:$B,Load!C:C,0,) -> 0 | C34: =_xlfn.XLOOKUP($A34,Load!$B:$B,Load!D:D,0,) -> 0 | D34: =_xlfn.XLOOKUP($A34,Load!$B:$B,Load!E:E,0,) -> 0 | E34: =_xlfn.XLOOKUP($A34,Load!$B:$B,Load!F:F,0,) -> 0 | F34: =_xlfn.XLOOKUP($A34,Load!$B:$B,Load!G:G,0,) -> 0 | G34: =_xlfn.XLOOKUP($A34,Load!$B:$B,Load!H:H,0,) -> 0 | H34: =_xlfn.XLOOKUP($A34,Load!$B:$B,Load!I:I,0,) -> 0 | I34: =_xlfn.XLOOKUP($A34,Load!$B:$B,Load!J:J,0,) -> 0 | J34: =_xlfn.XLOOKUP($A34,Load!$B:$B,Load!K:K,0,) -> 0 | K34: =_xlfn.XLOOKUP($A34,Load!$B:$B,Load!L:L,0,) -> 0 | L34: =_xlfn.XLOOKUP($A34,Load!$B:$B,Load!M:M,0,) -> 0
B35: =_xlfn.XLOOKUP($A35,Load!$B:$B,Load!C:C,0,) -> 0 | C35: =_xlfn.XLOOKUP($A35,Load!$B:$B,Load!D:D,0,) -> 0 | D35: =_xlfn.XLOOKUP($A35,Load!$B:$B,Load!E:E,0,) -> 0 | E35: =_xlfn.XLOOKUP($A35,Load!$B:$B,Load!F:F,0,) -> 0 | F35: =_xlfn.XLOOKUP($A35,Load!$B:$B,Load!G:G,0,) -> 0 | G35: =_xlfn.XLOOKUP($A35,Load!$B:$B,Load!H:H,0,) -> 0 | H35: =_xlfn.XLOOKUP($A35,Load!$B:$B,Load!I:I,0,) -> 0 | I35: =_xlfn.XLOOKUP($A35,Load!$B:$B,Load!J:J,0,) -> 0 | J35: =_xlfn.XLOOKUP($A35,Load!$B:$B,Load!K:K,0,) -> 0 | K35: =_xlfn.XLOOKUP($A35,Load!$B:$B,Load!L:L,0,) -> 0 | L35: =_xlfn.XLOOKUP($A35,Load!$B:$B,Load!M:M,0,) -> 0
B36: =_xlfn.XLOOKUP($A36,Load!$B:$B,Load!C:C,0,) -> 0 | C36: =_xlfn.XLOOKUP($A36,Load!$B:$B,Load!D:D,0,) -> 0 | D36: =_xlfn.XLOOKUP($A36,Load!$B:$B,Load!E:E,0,) -> 0 | E36: =_xlfn.XLOOKUP($A36,Load!$B:$B,Load!F:F,0,) -> 0 | F36: =_xlfn.XLOOKUP($A36,Load!$B:$B,Load!G:G,0,) -> 0 | G36: =_xlfn.XLOOKUP($A36,Load!$B:$B,Load!H:H,0,) -> 0 | H36: =_xlfn.XLOOKUP($A36,Load!$B:$B,Load!I:I,0,) -> 0 | I36: =_xlfn.XLOOKUP($A36,Load!$B:$B,Load!J:J,0,) -> 0 | J36: =_xlfn.XLOOKUP($A36,Load!$B:$B,Load!K:K,0,) -> 0 | K36: =_xlfn.XLOOKUP($A36,Load!$B:$B,Load!L:L,0,) -> 0 | L36: =_xlfn.XLOOKUP($A36,Load!$B:$B,Load!M:M,0,) -> 0
B37: =_xlfn.XLOOKUP($A37,Load!$B:$B,Load!C:C,0,) -> 0 | C37: =_xlfn.XLOOKUP($A37,Load!$B:$B,Load!D:D,0,) -> 0 | D37: =_xlfn.XLOOKUP($A37,Load!$B:$B,Load!E:E,0,) -> 0 | E37: =_xlfn.XLOOKUP($A37,Load!$B:$B,Load!F:F,0,) -> 0 | F37: =_xlfn.XLOOKUP($A37,Load!$B:$B,Load!G:G,0,) -> 0 | G37: =_xlfn.XLOOKUP($A37,Load!$B:$B,Load!H:H,0,) -> 0 | H37: =_xlfn.XLOOKUP($A37,Load!$B:$B,Load!I:I,0,) -> 0 | I37: =_xlfn.XLOOKUP($A37,Load!$B:$B,Load!J:J,0,) -> 0 | J37: =_xlfn.XLOOKUP($A37,Load!$B:$B,Load!K:K,0,) -> 0 | K37: =_xlfn.XLOOKUP($A37,Load!$B:$B,Load!L:L,0,) -> 0 | L37: =_xlfn.XLOOKUP($A37,Load!$B:$B,Load!M:M,0,) -> 0
A38: JOLLY RANCHER and TWIZZLERS Assorted Fruit Flavored Candy Party Pack, Halloween Candy, 43.03 oz | B38: =_xlfn.XLOOKUP($A38,Load!$B:$B,Load!C:C,0,) -> Hershey's Variety Pack | C38: =_xlfn.XLOOKUP($A38,Load!$B:$B,Load!D:D,0,) -> Non-Chocolate Candy Only | D38: =_xlfn.XLOOKUP($A38,Load!$B:$B,Load!E:E,0,) -> Variety / Mixed Flavors (Fruity, Sour, Seasonal Flavors) | E38: =_xlfn.XLOOKUP($A38,Load!$B:$B,Load!F:F,0,) -> Mixed / Combo Packs (Gummy, Chewy, Taffy, etc.) | F38: =_xlfn.XLOOKUP($A38,Load!$B:$B,Load!G:G,0,) -> Large Multipack (More than 80 ct) | G38: =_xlfn.XLOOKUP($A38,Load!$B:$B,Load!H:H,0,) -> Stand-Up Bag | H38: =_xlfn.XLOOKUP($A38,Load!$B:$B,Load!I:I,0,) -> Everyday Candy Shapes (like Original, Gummy bear, Fruit, Jewels, etc.) | I38: =_xlfn.XLOOKUP($A38,Load!$B:$B,Load!J:J,0,) -> Everyday Graphics | J38: =_xlfn.XLOOKUP($A38,Load!$B:$B,Load!K:K,0,) -> Variety Candy Sizes | K38: =_xlfn.XLOOKUP($A38,Load!$B:$B,Load!L:L,0,) -> Regular/Original Wrapping | L38: =_xlfn.XLOOKUP($A38,Load!$B:$B,Load!M:M,0,) -> Multiple Brands / Variety Flavors or Form
B39: =_xlfn.XLOOKUP($A39,Load!$B:$B,Load!C:C,0,) -> 0 | C39: =_xlfn.XLOOKUP($A39,Load!$B:$B,Load!D:D,0,) -> 0 | D39: =_xlfn.XLOOKUP($A39,Load!$B:$B,Load!E:E,0,) -> 0 | E39: =_xlfn.XLOOKUP($A39,Load!$B:$B,Load!F:F,0,) -> 0 | F39: =_xlfn.XLOOKUP($A39,Load!$B:$B,Load!G:G,0,) -> 0 | G39: =_xlfn.XLOOKUP($A39,Load!$B:$B,Load!H:H,0,) -> 0 | H39: =_xlfn.XLOOKUP($A39,Load!$B:$B,Load!I:I,0,) -> 0 | I39: =_xlfn.XLOOKUP($A39,Load!$B:$B,Load!J:J,0,) -> 0 | J39: =_xlfn.XLOOKUP($A39,Load!$B:$B,Load!K:K,0,) -> 0 | K39: =_xlfn.XLOOKUP($A39,Load!$B:$B,Load!L:L,0,) -> 0 | L39: =_xlfn.XLOOKUP($A39,Load!$B:$B,Load!M:M,0,) -> 0
B40: =_xlfn.XLOOKUP($A40,Load!$B:$B,Load!C:C,0,) -> 0 | C40: =_xlfn.XLOOKUP($A40,Load!$B:$B,Load!D:D,0,) -> 0 | D40: =_xlfn.XLOOKUP($A40,Load!$B:$B,Load!E:E,0,) -> 0 | E40: =_xlfn.XLOOKUP($A40,Load!$B:$B,Load!F:F,0,) -> 0 | F40: =_xlfn.XLOOKUP($A40,Load!$B:$B,Load!G:G,0,) -> 0 | G40: =_xlfn.XLOOKUP($A40,Load!$B:$B,Load!H:H,0,) -> 0 | H40: =_xlfn.XLOOKUP($A40,Load!$B:$B,Load!I:I,0,) -> 0 | I40: =_xlfn.XLOOKUP($A40,Load!$B:$B,Load!J:J,0,) -> 0 | J40: =_xlfn.XLOOKUP($A40,Load!$B:$B,Load!K:K,0,) -> 0 | K40: =_xlfn.XLOOKUP($A40,Load!$B:$B,Load!L:L,0,) -> 0 | L40: =_xlfn.XLOOKUP($A40,Load!$B:$B,Load!M:M,0,) -> 0
B41: =_xlfn.XLOOKUP($A41,Load!$B:$B,Load!C:C,0,) -> 0 | C41: =_xlfn.XLOOKUP($A41,Load!$B:$B,Load!D:D,0,) -> 0 | D41: =_xlfn.XLOOKUP($A41,Load!$B:$B,Load!E:E,0,) -> 0 | E41: =_xlfn.XLOOKUP($A41,Load!$B:$B,Load!F:F,0,) -> 0 | F41: =_xlfn.XLOOKUP($A41,Load!$B:$B,Load!G:G,0,) -> 0 | G41: =_xlfn.XLOOKUP($A41,Load!$B:$B,Load!H:H,0,) -> 0 | H41: =_xlfn.XLOOKUP($A41,Load!$B:$B,Load!I:I,0,) -> 0 | I41: =_xlfn.XLOOKUP($A41,Load!$B:$B,Load!J:J,0,) -> 0 | J41: =_xlfn.XLOOKUP($A41,Load!$B:$B,Load!K:K,0,) -> 0 | K41: =_xlfn.XLOOKUP($A41,Load!$B:$B,Load!L:L,0,) -> 0 | L41: =_xlfn.XLOOKUP($A41,Load!$B:$B,Load!M:M,0,) -> 0
A42: Tootsie Childs Play Assorted Mixes Laydown Bag Everyday 76 Oz | B42: =_xlfn.XLOOKUP($A42,Load!$B:$B,Load!C:C,0,) -> Tootsie | C42: =_xlfn.XLOOKUP($A42,Load!$B:$B,Load!D:D,0,) -> Mix of Chocolate and Non-Chocolate Candy | D42: =_xlfn.XLOOKUP($A42,Load!$B:$B,Load!E:E,0,) -> Sweet | E42: =_xlfn.XLOOKUP($A42,Load!$B:$B,Load!F:F,0,) -> Lollipop (regular or lollipop rings) | F42: =_xlfn.XLOOKUP($A42,Load!$B:$B,Load!G:G,0,) -> Large Multipack (More than 80 ct) | G42: =_xlfn.XLOOKUP($A42,Load!$B:$B,Load!H:H,0,) -> Laydown Bag | H42: =_xlfn.XLOOKUP($A42,Load!$B:$B,Load!I:I,0,) -> Everyday Candy Shapes (like Original, Gummy bear, Fruit, Jewels, etc.) | I42: =_xlfn.XLOOKUP($A42,Load!$B:$B,Load!J:J,0,) -> Everyday Graphics | J42: =_xlfn.XLOOKUP($A42,Load!$B:$B,Load!K:K,0,) -> Regular Lollipop size (on sticks or rings) | K42: =_xlfn.XLOOKUP($A42,Load!$B:$B,Load!L:L,0,) -> Regular/Original Wrapping | L42: =_xlfn.XLOOKUP($A42,Load!$B:$B,Load!M:M,0,) -> Single Brand / Single Flavor or Form
A43: Tootsie Child's Play, Assorted Halloween Candy, Individually Wrapped, 20.9 oz. | B43: =_xlfn.XLOOKUP($A43,Load!$B:$B,Load!C:C,0,) -> Tootsie | C43: =_xlfn.XLOOKUP($A43,Load!$B:$B,Load!D:D,0,) -> Mix of Chocolate and Non-Chocolate Candy | D43: =_xlfn.XLOOKUP($A43,Load!$B:$B,Load!E:E,0,) -> Variety / Mixed Flavors (Fruity, Sour, Seasonal Flavors) | E43: =_xlfn.XLOOKUP($A43,Load!$B:$B,Load!F:F,0,) -> Mixed / Combo Packs (Gummy, Chewy, Taffy, etc.) | F43: =_xlfn.XLOOKUP($A43,Load!$B:$B,Load!G:G,0,) -> Large Multipack (More than 80 ct) | G43: =_xlfn.XLOOKUP($A43,Load!$B:$B,Load!H:H,0,) -> Laydown Bag | H43: =_xlfn.XLOOKUP($A43,Load!$B:$B,Load!I:I,0,) -> Everyday Candy Shapes (like Original, Gummy bear, Fruit, Jewels, etc.) | I43: =_xlfn.XLOOKUP($A43,Load!$B:$B,Load!J:J,0,) -> Everyday Graphics | J43: =_xlfn.XLOOKUP($A43,Load!$B:$B,Load!K:K,0,) -> Variety Candy Sizes | K43: =_xlfn.XLOOKUP($A43,Load!$B:$B,Load!L:L,0,) -> Regular/Original Wrapping | L43: =_xlfn.XLOOKUP($A43,Load!$B:$B,Load!M:M,0,) -> Single Brand / Variety Flavors or Form
A44: Warheads Halloween Ooze Chewz Caramel Apple Ropes 3oz | B44: =_xlfn.XLOOKUP($A44,Load!$B:$B,Load!C:C,0,) -> Warheads | C44: =_xlfn.XLOOKUP($A44,Load!$B:$B,Load!D:D,0,) -> Non-Chocolate Candy Only | D44: =_xlfn.XLOOKUP($A44,Load!$B:$B,Load!E:E,0,) -> Variety / Mixed Flavors (Fruity, Sour, Seasonal Flavors) | E44: =_xlfn.XLOOKUP($A44,Load!$B:$B,Load!F:F,0,) -> Chewy | F44: =_xlfn.XLOOKUP($A44,Load!$B:$B,Load!G:G,0,) -> Single Pack | G44: =_xlfn.XLOOKUP($A44,Load!$B:$B,Load!H:H,0,) -> Peg Bag | H44: =_xlfn.XLOOKUP($A44,Load!$B:$B,Load!I:I,0,) -> Everyday Candy Shapes (like Original, Gummy bear, Fruit, Jewels, etc.) | I44: =_xlfn.XLOOKUP($A44,Load!$B:$B,Load!J:J,0,) -> Seasonal Graphics (Like Bat, Ghost, Pumpkin, Fall Leaves, Eyeballs, etc.) | J44: =_xlfn.XLOOKUP($A44,Load!$B:$B,Load!K:K,0,) -> Fun Size / Treat Size | K44: =_xlfn.XLOOKUP($A44,Load!$B:$B,Load!L:L,0,) -> Unwrapped | L44: =_xlfn.XLOOKUP($A44,Load!$B:$B,Load!M:M,0,) -> Single Brand / Single Flavor or Form
B45: =_xlfn.XLOOKUP($A45,Load!$B:$B,Load!C:C,0,) -> 0 | C45: =_xlfn.XLOOKUP($A45,Load!$B:$B,Load!D:D,0,) -> 0 | D45: =_xlfn.XLOOKUP($A45,Load!$B:$B,Load!E:E,0,) -> 0 | E45: =_xlfn.XLOOKUP($A45,Load!$B:$B,Load!F:F,0,) -> 0 | F45: =_xlfn.XLOOKUP($A45,Load!$B:$B,Load!G:G,0,) -> 0 | G45: =_xlfn.XLOOKUP($A45,Load!$B:$B,Load!H:H,0,) -> 0 | H45: =_xlfn.XLOOKUP($A45,Load!$B:$B,Load!I:I,0,) -> 0 | I45: =_xlfn.XLOOKUP($A45,Load!$B:$B,Load!J:J,0,) -> 0 | J45: =_xlfn.XLOOKUP($A45,Load!$B:$B,Load!K:K,0,) -> 0 | K45: =_xlfn.XLOOKUP($A45,Load!$B:$B,Load!L:L,0,) -> 0 | L45: =_xlfn.XLOOKUP($A45,Load!$B:$B,Load!M:M,0,) -> 0
B46: =_xlfn.XLOOKUP($A46,Load!$B:$B,Load!C:C,0,) -> 0 | C46: =_xlfn.XLOOKUP($A46,Load!$B:$B,Load!D:D,0,) -> 0 | D46: =_xlfn.XLOOKUP($A46,Load!$B:$B,Load!E:E,0,) -> 0 | E46: =_xlfn.XLOOKUP($A46,Load!$B:$B,Load!F:F,0,) -> 0 | F46: =_xlfn.XLOOKUP($A46,Load!$B:$B,Load!G:G,0,) -> 0 | G46: =_xlfn.XLOOKUP($A46,Load!$B:$B,Load!H:H,0,) -> 0 | H46: =_xlfn.XLOOKUP($A46,Load!$B:$B,Load!I:I,0,) -> 0 | I46: =_xlfn.XLOOKUP($A46,Load!$B:$B,Load!J:J,0,) -> 0 | J46: =_xlfn.XLOOKUP($A46,Load!$B:$B,Load!K:K,0,) -> 0 | K46: =_xlfn.XLOOKUP($A46,Load!$B:$B,Load!L:L,0,) -> 0 | L46: =_xlfn.XLOOKUP($A46,Load!$B:$B,Load!M:M,0,) -> 0
B47: =_xlfn.XLOOKUP($A47,Load!$B:$B,Load!C:C,0,) -> 0 | C47: =_xlfn.XLOOKUP($A47,Load!$B:$B,Load!D:D,0,) -> 0 | D47: =_xlfn.XLOOKUP($A47,Load!$B:$B,Load!E:E,0,) -> 0 | E47: =_xlfn.XLOOKUP($A47,Load!$B:$B,Load!F:F,0,) -> 0 | F47: =_xlfn.XLOOKUP($A47,Load!$B:$B,Load!G:G,0,) -> 0 | G47: =_xlfn.XLOOKUP($A47,Load!$B:$B,Load!H:H,0,) -> 0 | H47: =_xlfn.XLOOKUP($A47,Load!$B:$B,Load!I:I,0,) -> 0 | I47: =_xlfn.XLOOKUP($A47,Load!$B:$B,Load!J:J,0,) -> 0 | J47: =_xlfn.XLOOKUP($A47,Load!$B:$B,Load!K:K,0,) -> 0 | K47: =_xlfn.XLOOKUP($A47,Load!$B:$B,Load!L:L,0,) -> 0 | L47: =_xlfn.XLOOKUP($A47,Load!$B:$B,Load!M:M,0,) -> 0
A48: Mars Mixed Skittles & Starburst Chewy Sour Halloween Candy Variety Pack - 50 Ct Bulk Bag | B48: =_xlfn.XLOOKUP($A48,Load!$B:$B,Load!C:C,0,) -> Mars Variety Pack | C48: =_xlfn.XLOOKUP($A48,Load!$B:$B,Load!D:D,0,) -> Non-Chocolate Candy Only | D48: =_xlfn.XLOOKUP($A48,Load!$B:$B,Load!E:E,0,) -> Variety / Mixed Flavors (Fruity, Sour, Seasonal Flavors) | E48: =_xlfn.XLOOKUP($A48,Load!$B:$B,Load!F:F,0,) -> Mixed / Combo Packs (Gummy, Chewy, Taffy, etc.) | F48: =_xlfn.XLOOKUP($A48,Load!$B:$B,Load!G:G,0,) -> Medium Multipack (40–80 ct) | G48: =_xlfn.XLOOKUP($A48,Load!$B:$B,Load!H:H,0,) -> Stand-Up Bag | H48: =_xlfn.XLOOKUP($A48,Load!$B:$B,Load!I:I,0,) -> Everyday Candy Shapes (like Original, Gummy bear, Fruit, Jewels, etc.) | I48: =_xlfn.XLOOKUP($A48,Load!$B:$B,Load!J:J,0,) -> Seasonal Graphics (Like Bat, Ghost, Pumpkin, Fall Leaves, Eyeballs, etc.) | J48: =_xlfn.XLOOKUP($A48,Load!$B:$B,Load!K:K,0,) -> Fun Size / Treat Size | K48: =_xlfn.XLOOKUP($A48,Load!$B:$B,Load!L:L,0,) -> Regular/Original Wrapping | L48: =_xlfn.XLOOKUP($A48,Load!$B:$B,Load!M:M,0,) -> Multiple Brands / Variety Flavors or Form
A49: Starburst, Life Savers & Hubba Bubba Halloween Candy Variety Pack - 190 Ct Bulk Bag | B49: =_xlfn.XLOOKUP($A49,Load!$B:$B,Load!C:C,0,) -> Mars Variety Pack | C49: =_xlfn.XLOOKUP($A49,Load!$B:$B,Load!D:D,0,) -> Non-Chocolate Candy Only | D49: =_xlfn.XLOOKUP($A49,Load!$B:$B,Load!E:E,0,) -> Variety / Mixed Flavors (Fruity, Sour, Seasonal Flavors) | E49: =_xlfn.XLOOKUP($A49,Load!$B:$B,Load!F:F,0,) -> Mixed / Combo Packs (Gummy, Chewy, Taffy, etc.) | F49: =_xlfn.XLOOKUP($A49,Load!$B:$B,Load!G:G,0,) -> Large Multipack (More than 80 ct) | G49: =_xlfn.XLOOKUP($A49,Load!$B:$B,Load!H:H,0,) -> Stand-Up Bag | H49: =_xlfn.XLOOKUP($A49,Load!$B:$B,Load!I:I,0,) -> Everyday Candy Shapes (like Original, Gummy bear, Fruit, Jewels, etc.) | I49: =_xlfn.XLOOKUP($A49,Load!$B:$B,Load!J:J,0,) -> Seasonal Graphics (Like Bat, Ghost, Pumpkin, Fall Leaves, Eyeballs, etc.) | J49: =_xlfn.XLOOKUP($A49,Load!$B:$B,Load!K:K,0,) -> Variety Candy Sizes | K49: =_xlfn.XLOOKUP($A49,Load!$B:$B,Load!L:L,0,) -> Regular/Original Wrapping | L49: =_xlfn.XLOOKUP($A49,Load!$B:$B,Load!M:M,0,) -> Multiple Brands / Variety Flavors or Form
B50: =_xlfn.XLOOKUP($A50,Load!$B:$B,Load!C:C,0,) -> 0 | C50: =_xlfn.XLOOKUP($A50,Load!$B:$B,Load!D:D,0,) -> 0 | D50: =_xlfn.XLOOKUP($A50,Load!$B:$B,Load!E:E,0,) -> 0 | E50: =_xlfn.XLOOKUP($A50,Load!$B:$B,Load!F:F,0,) -> 0 | F50: =_xlfn.XLOOKUP($A50,Load!$B:$B,Load!G:G,0,) -> 0 | G50: =_xlfn.XLOOKUP($A50,Load!$B:$B,Load!H:H,0,) -> 0 | H50: =_xlfn.XLOOKUP($A50,Load!$B:$B,Load!I:I,0,) -> 0 | I50: =_xlfn.XLOOKUP($A50,Load!$B:$B,Load!J:J,0,) -> 0 | J50: =_xlfn.XLOOKUP($A50,Load!$B:$B,Load!K:K,0,) -> 0 | K50: =_xlfn.XLOOKUP($A50,Load!$B:$B,Load!L:L,0,) -> 0 | L50: =_xlfn.XLOOKUP($A50,Load!$B:$B,Load!M:M,0,) -> 0
B51: =_xlfn.XLOOKUP($A51,Load!$B:$B,Load!C:C,0,) -> 0 | C51: =_xlfn.XLOOKUP($A51,Load!$B:$B,Load!D:D,0,) -> 0 | D51: =_xlfn.XLOOKUP($A51,Load!$B:$B,Load!E:E,0,) -> 0 | E51: =_xlfn.XLOOKUP($A51,Load!$B:$B,Load!F:F,0,) -> 0 | F51: =_xlfn.XLOOKUP($A51,Load!$B:$B,Load!G:G,0,) -> 0 | G51: =_xlfn.XLOOKUP($A51,Load!$B:$B,Load!H:H,0,) -> 0 | H51: =_xlfn.XLOOKUP($A51,Load!$B:$B,Load!I:I,0,) -> 0 | I51: =_xlfn.XLOOKUP($A51,Load!$B:$B,Load!J:J,0,) -> 0 | J51: =_xlfn.XLOOKUP($A51,Load!$B:$B,Load!K:K,0,) -> 0 | K51: =_xlfn.XLOOKUP($A51,Load!$B:$B,Load!L:L,0,) -> 0 | L51: =_xlfn.XLOOKUP($A51,Load!$B:$B,Load!M:M,0,) -> 0
B52: =_xlfn.XLOOKUP($A52,Load!$B:$B,Load!C:C,0,) -> 0 | C52: =_xlfn.XLOOKUP($A52,Load!$B:$B,Load!D:D,0,) -> 0 | D52: =_xlfn.XLOOKUP($A52,Load!$B:$B,Load!E:E,0,) -> 0 | E52: =_xlfn.XLOOKUP($A52,Load!$B:$B,Load!F:F,0,) -> 0 | F52: =_xlfn.XLOOKUP($A52,Load!$B:$B,Load!G:G,0,) -> 0 | G52: =_xlfn.XLOOKUP($A52,Load!$B:$B,Load!H:H,0,) -> 0 | H52: =_xlfn.XLOOKUP($A52,Load!$B:$B,Load!I:I,0,) -> 0 | I52: =_xlfn.XLOOKUP($A52,Load!$B:$B,Load!J:J,0,) -> 0 | J52: =_xlfn.XLOOKUP($A52,Load!$B:$B,Load!K:K,0,) -> 0 | K52: =_xlfn.XLOOKUP($A52,Load!$B:$B,Load!L:L,0,) -> 0 | L52: =_xlfn.XLOOKUP($A52,Load!$B:$B,Load!M:M,0,) -> 0
B53: =_xlfn.XLOOKUP($A53,Load!$B:$B,Load!C:C,0,) -> 0 | C53: =_xlfn.XLOOKUP($A53,Load!$B:$B,Load!D:D,0,) -> 0 | D53: =_xlfn.XLOOKUP($A53,Load!$B:$B,Load!E:E,0,) -> 0 | E53: =_xlfn.XLOOKUP($A53,Load!$B:$B,Load!F:F,0,) -> 0 | F53: =_xlfn.XLOOKUP($A53,Load!$B:$B,Load!G:G,0,) -> 0 | G53: =_xlfn.XLOOKUP($A53,Load!$B:$B,Load!H:H,0,) -> 0 | H53: =_xlfn.XLOOKUP($A53,Load!$B:$B,Load!I:I,0,) -> 0 | I53: =_xlfn.XLOOKUP($A53,Load!$B:$B,Load!J:J,0,) -> 0 | J53: =_xlfn.XLOOKUP($A53,Load!$B:$B,Load!K:K,0,) -> 0 | K53: =_xlfn.XLOOKUP($A53,Load!$B:$B,Load!L:L,0,) -> 0 | L53: =_xlfn.XLOOKUP($A53,Load!$B:$B,Load!M:M,0,) -> 0
A54: Hershey Assorted Flavored, Halloween Candy Bulk Bag, 32.91 oz - 115 Pieces | B54: =_xlfn.XLOOKUP($A54,Load!$B:$B,Load!C:C,0,) -> Hershey's Variety Pack + Haribo | C54: =_xlfn.XLOOKUP($A54,Load!$B:$B,Load!D:D,0,) -> Mix of Chocolate and Non-Chocolate Candy | D54: =_xlfn.XLOOKUP($A54,Load!$B:$B,Load!E:E,0,) -> Variety / Mixed Flavors (Fruity, Sour, Seasonal Flavors) | E54: =_xlfn.XLOOKUP($A54,Load!$B:$B,Load!F:F,0,) -> Mixed / Combo Packs (Gummy, Chewy, Taffy, etc.) | F54: =_xlfn.XLOOKUP($A54,Load!$B:$B,Load!G:G,0,) -> Large Multipack (More than 80 ct) | G54: =_xlfn.XLOOKUP($A54,Load!$B:$B,Load!H:H,0,) -> Stand-Up Bag | H54: =_xlfn.XLOOKUP($A54,Load!$B:$B,Load!I:I,0,) -> Everyday Candy Shapes (like Original, Gummy bear, Fruit, Jewels, etc.) | I54: =_xlfn.XLOOKUP($A54,Load!$B:$B,Load!J:J,0,) -> Seasonal Graphics (Like Bat, Ghost, Pumpkin, Fall Leaves, Eyeballs, etc.) | J54: =_xlfn.XLOOKUP($A54,Load!$B:$B,Load!K:K,0,) -> Fun Size / Treat Size | K54: =_xlfn.XLOOKUP($A54,Load!$B:$B,Load!L:L,0,) -> Regular/Original Wrapping | L54: =_xlfn.XLOOKUP($A54,Load!$B:$B,Load!M:M,0,) -> Multiple Brands / Variety Flavors or Form
B55: =_xlfn.XLOOKUP($A55,Load!$B:$B,Load!C:C,0,) -> 0 | C55: =_xlfn.XLOOKUP($A55,Load!$B:$B,Load!D:D,0,) -> 0 | D55: =_xlfn.XLOOKUP($A55,Load!$B:$B,Load!E:E,0,) -> 0 | E55: =_xlfn.XLOOKUP($A55,Load!$B:$B,Load!F:F,0,) -> 0 | F55: =_xlfn.XLOOKUP($A55,Load!$B:$B,Load!G:G,0,) -> 0 | G55: =_xlfn.XLOOKUP($A55,Load!$B:$B,Load!H:H,0,) -> 0 | H55: =_xlfn.XLOOKUP($A55,Load!$B:$B,Load!I:I,0,) -> 0 | I55: =_xlfn.XLOOKUP($A55,Load!$B:$B,Load!J:J,0,) -> 0 | J55: =_xlfn.XLOOKUP($A55,Load!$B:$B,Load!K:K,0,) -> 0 | K55: =_xlfn.XLOOKUP($A55,Load!$B:$B,Load!L:L,0,) -> 0 | L55: =_xlfn.XLOOKUP($A55,Load!$B:$B,Load!M:M,0,) -> 0
A56: Ferrara Halloween Candy Variety Pack, 18.95 oz, 45 ct | B56: =_xlfn.XLOOKUP($A56,Load!$B:$B,Load!C:C,0,) -> Ferrara Variety Pack | C56: =_xlfn.XLOOKUP($A56,Load!$B:$B,Load!D:D,0,) -> Non-Chocolate Candy Only | D56: =_xlfn.XLOOKUP($A56,Load!$B:$B,Load!E:E,0,) -> Variety / Mixed Flavors (Fruity, Sour, Seasonal Flavors) | E56: =_xlfn.XLOOKUP($A56,Load!$B:$B,Load!F:F,0,) -> Mixed / Combo Packs (Gummy, Chewy, Taffy, etc.) | F56: =_xlfn.XLOOKUP($A56,Load!$B:$B,Load!G:G,0,) -> Small Multipack (Less than 40 ct) | G56: =_xlfn.XLOOKUP($A56,Load!$B:$B,Load!H:H,0,) -> Laydown Bag | H56: =_xlfn.XLOOKUP($A56,Load!$B:$B,Load!I:I,0,) -> Everyday Candy Shapes (like Original, Gummy bear, Fruit, Jewels, etc.) | I56: =_xlfn.XLOOKUP($A56,Load!$B:$B,Load!J:J,0,) -> Seasonal Graphics (Like Bat, Ghost, Pumpkin, Fall Leaves, Eyeballs, etc.) | J56: =_xlfn.XLOOKUP($A56,Load!$B:$B,Load!K:K,0,) -> Variety Candy Sizes | K56: =_xlfn.XLOOKUP($A56,Load!$B:$B,Load!L:L,0,) -> Regular/Original Wrapping | L56: =_xlfn.XLOOKUP($A56,Load!$B:$B,Load!M:M,0,) -> Multiple Brands / Variety Flavors or Form
A57: Ferrara Halloween Candy Mix, Assorted, 6.86 oz, 20 ct | B57: =_xlfn.XLOOKUP($A57,Load!$B:$B,Load!C:C,0,) -> Ferrara Variety Pack | C57: =_xlfn.XLOOKUP($A57,Load!$B:$B,Load!D:D,0,) -> Non-Chocolate Candy Only | D57: =_xlfn.XLOOKUP($A57,Load!$B:$B,Load!E:E,0,) -> Variety / Mixed Flavors (Fruity, Sour, Seasonal Flavors) | E57: =_xlfn.XLOOKUP($A57,Load!$B:$B,Load!F:F,0,) -> Mixed / Combo Packs (Gummy, Chewy, Taffy, etc.) | F57: =_xlfn.XLOOKUP($A57,Load!$B:$B,Load!G:G,0,) -> Small Multipack (Less than 40 ct) | G57: =_xlfn.XLOOKUP($A57,Load!$B:$B,Load!H:H,0,) -> Laydown Bag | H57: =_xlfn.XLOOKUP($A57,Load!$B:$B,Load!I:I,0,) -> Seasonal Shapes (like pumpkins, candy corn, ghost, bats, etc.) | I57: =_xlfn.XLOOKUP($A57,Load!$B:$B,Load!J:J,0,) -> Seasonal Graphics (Like Bat, Ghost, Pumpkin, Fall Leaves, Eyeballs, etc.) | J57: =_xlfn.XLOOKUP($A57,Load!$B:$B,Load!K:K,0,) -> Variety Candy Sizes | K57: =_xlfn.XLOOKUP($A57,Load!$B:$B,Load!L:L,0,) -> Regular/Original Wrapping | L57: =_xlfn.XLOOKUP($A57,Load!$B:$B,Load!M:M,0,) -> Multiple Brands / Variety Flavors or Form
B58: =_xlfn.XLOOKUP($A58,Load!$B:$B,Load!C:C,0,) -> 0 | C58: =_xlfn.XLOOKUP($A58,Load!$B:$B,Load!D:D,0,) -> 0 | D58: =_xlfn.XLOOKUP($A58,Load!$B:$B,Load!E:E,0,) -> 0 | E58: =_xlfn.XLOOKUP($A58,Load!$B:$B,Load!F:F,0,) -> 0 | F58: =_xlfn.XLOOKUP($A58,Load!$B:$B,Load!G:G,0,) -> 0 | G58: =_xlfn.XLOOKUP($A58,Load!$B:$B,Load!H:H,0,) -> 0 | H58: =_xlfn.XLOOKUP($A58,Load!$B:$B,Load!I:I,0,) -> 0 | I58: =_xlfn.XLOOKUP($A58,Load!$B:$B,Load!J:J,0,) -> 0 | J58: =_xlfn.XLOOKUP($A58,Load!$B:$B,Load!K:K,0,) -> 0 | K58: =_xlfn.XLOOKUP($A58,Load!$B:$B,Load!L:L,0,) -> 0 | L58: =_xlfn.XLOOKUP($A58,Load!$B:$B,Load!M:M,0,) -> 0
B59: =_xlfn.XLOOKUP($A59,Load!$B:$B,Load!C:C,0,) -> 0 | C59: =_xlfn.XLOOKUP($A59,Load!$B:$B,Load!D:D,0,) -> 0 | D59: =_xlfn.XLOOKUP($A59,Load!$B:$B,Load!E:E,0,) -> 0 | E59: =_xlfn.XLOOKUP($A59,Load!$B:$B,Load!F:F,0,) -> 0 | F59: =_xlfn.XLOOKUP($A59,Load!$B:$B,Load!G:G,0,) -> 0 | G59: =_xlfn.XLOOKUP($A59,Load!$B:$B,Load!H:H,0,) -> 0 | H59: =_xlfn.XLOOKUP($A59,Load!$B:$B,Load!I:I,0,) -> 0 | I59: =_xlfn.XLOOKUP($A59,Load!$B:$B,Load!J:J,0,) -> 0 | J59: =_xlfn.XLOOKUP($A59,Load!$B:$B,Load!K:K,0,) -> 0 | K59: =_xlfn.XLOOKUP($A59,Load!$B:$B,Load!L:L,0,) -> 0 | L59: =_xlfn.XLOOKUP($A59,Load!$B:$B,Load!M:M,0,) -> 0
A60: Nerds Assorted Candy Mixes Halloween 34.44 Oz 75 Ct | B60: =_xlfn.XLOOKUP($A60,Load!$B:$B,Load!C:C,0,) -> Nerds | C60: =_xlfn.XLOOKUP($A60,Load!$B:$B,Load!D:D,0,) -> Non-Chocolate Candy Only | D60: =_xlfn.XLOOKUP($A60,Load!$B:$B,Load!E:E,0,) -> Variety / Mixed Flavors (Fruity, Sour, Seasonal Flavors) | E60: =_xlfn.XLOOKUP($A60,Load!$B:$B,Load!F:F,0,) -> Candy Pieces / Bites | F60: =_xlfn.XLOOKUP($A60,Load!$B:$B,Load!G:G,0,) -> Medium Multipack (40–80 ct) | G60: =_xlfn.XLOOKUP($A60,Load!$B:$B,Load!H:H,0,) -> Stand-Up Bag | H60: =_xlfn.XLOOKUP($A60,Load!$B:$B,Load!I:I,0,) -> Everyday Candy Shapes (like Original, Gummy bear, Fruit, Jewels, etc.) | I60: =_xlfn.XLOOKUP($A60,Load!$B:$B,Load!J:J,0,) -> Seasonal Graphics (Like Bat, Ghost, Pumpkin, Fall Leaves, Eyeballs, etc.) | J60: =_xlfn.XLOOKUP($A60,Load!$B:$B,Load!K:K,0,) -> Small Pieces (Tiny bite size candies) | K60: =_xlfn.XLOOKUP($A60,Load!$B:$B,Load!L:L,0,) -> Unwrapped | L60: =_xlfn.XLOOKUP($A60,Load!$B:$B,Load!M:M,0,) -> Single Brand / Variety Flavors or Form
B61: =_xlfn.XLOOKUP($A61,Load!$B:$B,Load!C:C,0,) -> 0 | C61: =_xlfn.XLOOKUP($A61,Load!$B:$B,Load!D:D,0,) -> 0 | D61: =_xlfn.XLOOKUP($A61,Load!$B:$B,Load!E:E,0,) -> 0 | E61: =_xlfn.XLOOKUP($A61,Load!$B:$B,Load!F:F,0,) -> 0 | F61: =_xlfn.XLOOKUP($A61,Load!$B:$B,Load!G:G,0,) -> 0 | G61: =_xlfn.XLOOKUP($A61,Load!$B:$B,Load!H:H,0,) -> 0 | H61: =_xlfn.XLOOKUP($A61,Load!$B:$B,Load!I:I,0,) -> 0 | I61: =_xlfn.XLOOKUP($A61,Load!$B:$B,Load!J:J,0,) -> 0 | J61: =_xlfn.XLOOKUP($A61,Load!$B:$B,Load!K:K,0,) -> 0 | K61: =_xlfn.XLOOKUP($A61,Load!$B:$B,Load!L:L,0,) -> 0 | L61: =_xlfn.XLOOKUP($A61,Load!$B:$B,Load!M:M,0,) -> 0
A62: Skittles Gummies Fun Size Halloween Candy Variety Pack, Bulk Bag, 120 ct. | B62: =_xlfn.XLOOKUP($A62,Load!$B:$B,Load!C:C,0,) -> Skittles | C62: =_xlfn.XLOOKUP($A62,Load!$B:$B,Load!D:D,0,) -> Non-Chocolate Candy Only | D62: =_xlfn.XLOOKUP($A62,Load!$B:$B,Load!E:E,0,) -> Variety / Mixed Flavors (Fruity, Sour, Seasonal Flavors) | E62: =_xlfn.XLOOKUP($A62,Load!$B:$B,Load!F:F,0,) -> Gummy | F62: =_xlfn.XLOOKUP($A62,Load!$B:$B,Load!G:G,0,) -> Large Multipack (More than 80 ct) | G62: =_xlfn.XLOOKUP($A62,Load!$B:$B,Load!H:H,0,) -> Stand-Up Bag | H62: =_xlfn.XLOOKUP($A62,Load!$B:$B,Load!I:I,0,) -> Everyday Candy Shapes (like Original, Gummy bear, Fruit, Jewels, etc.) | I62: =_xlfn.XLOOKUP($A62,Load!$B:$B,Load!J:J,0,) -> Everyday Graphics | J62: =_xlfn.XLOOKUP($A62,Load!$B:$B,Load!K:K,0,) -> Fun Size / Treat Size | K62: =_xlfn.XLOOKUP($A62,Load!$B:$B,Load!L:L,0,) -> Regular/Original Wrapping | L62: =_xlfn.XLOOKUP($A62,Load!$B:$B,Load!M:M,0,) -> Single Brand / Variety Flavors or Form
A63: JOLLY RANCHER and TWIZZLERS Assorted Fruit Flavored Candy Party Pack, Halloween Candy, 43.03 oz | B63: =_xlfn.XLOOKUP($A63,Load!$B:$B,Load!C:C,0,) -> Hershey's Variety Pack | C63: =_xlfn.XLOOKUP($A63,Load!$B:$B,Load!D:D,0,) -> Non-Chocolate Candy Only | D63: =_xlfn.XLOOKUP($A63,Load!$B:$B,Load!E:E,0,) -> Variety / Mixed Flavors (Fruity, Sour, Seasonal Flavors) | E63: =_xlfn.XLOOKUP($A63,Load!$B:$B,Load!F:F,0,) -> Mixed / Combo Packs (Gummy, Chewy, Taffy, etc.) | F63: =_xlfn.XLOOKUP($A63,Load!$B:$B,Load!G:G,0,) -> Large Multipack (More than 80 ct) | G63: =_xlfn.XLOOKUP($A63,Load!$B:$B,Load!H:H,0,) -> Stand-Up Bag | H63: =_xlfn.XLOOKUP($A63,Load!$B:$B,Load!I:I,0,) -> Everyday Candy Shapes (like Original, Gummy bear, Fruit, Jewels, etc.) | I63: =_xlfn.XLOOKUP($A63,Load!$B:$B,Load!J:J,0,) -> Everyday Graphics | J63: =_xlfn.XLOOKUP($A63,Load!$B:$B,Load!K:K,0,) -> Variety Candy Sizes | K63: =_xlfn.XLOOKUP($A63,Load!$B:$B,Load!L:L,0,) -> Regular/Original Wrapping | L63: =_xlfn.XLOOKUP($A63,Load!$B:$B,Load!M:M,0,) -> Multiple Brands / Variety Flavors or Form
A64: Skittles Shriekers Sour Original Chewy Candy Fun Size Bag - 10.72 oz | B64: =_xlfn.XLOOKUP($A64,Load!$B:$B,Load!C:C,0,) -> Skittles | C64: =_xlfn.XLOOKUP($A64,Load!$B:$B,Load!D:D,0,) -> Non-Chocolate Candy Only | D64: =_xlfn.XLOOKUP($A64,Load!$B:$B,Load!E:E,0,) -> Fruit Flavor (Cherry, Grape, Apple, Citrus, Tropical Fruit) | E64: =_xlfn.XLOOKUP($A64,Load!$B:$B,Load!F:F,0,) -> Candy Pieces / Bites | F64: =_xlfn.XLOOKUP($A64,Load!$B:$B,Load!G:G,0,) -> Single Pack | G64: =_xlfn.XLOOKUP($A64,Load!$B:$B,Load!H:H,0,) -> Laydown Bag | H64: =_xlfn.XLOOKUP($A64,Load!$B:$B,Load!I:I,0,) -> Everyday Candy Shapes (like Original, Gummy bear, Fruit, Jewels, etc.) | I64: =_xlfn.XLOOKUP($A64,Load!$B:$B,Load!J:J,0,) -> Everyday Graphics | J64: =_xlfn.XLOOKUP($A64,Load!$B:$B,Load!K:K,0,) -> Small Pieces (Tiny bite size candies) | K64: =_xlfn.XLOOKUP($A64,Load!$B:$B,Load!L:L,0,) -> Unwrapped | L64: =_xlfn.XLOOKUP($A64,Load!$B:$B,Load!M:M,0,) -> Single Brand / Single Flavor or Form
B65: =_xlfn.XLOOKUP($A65,Load!$B:$B,Load!C:C,0,) -> 0 | C65: =_xlfn.XLOOKUP($A65,Load!$B:$B,Load!D:D,0,) -> 0 | D65: =_xlfn.XLOOKUP($A65,Load!$B:$B,Load!E:E,0,) -> 0 | E65: =_xlfn.XLOOKUP($A65,Load!$B:$B,Load!F:F,0,) -> 0 | F65: =_xlfn.XLOOKUP($A65,Load!$B:$B,Load!G:G,0,) -> 0 | G65: =_xlfn.XLOOKUP($A65,Load!$B:$B,Load!H:H,0,) -> 0 | H65: =_xlfn.XLOOKUP($A65,Load!$B:$B,Load!I:I,0,) -> 0 | I65: =_xlfn.XLOOKUP($A65,Load!$B:$B,Load!J:J,0,) -> 0 | J65: =_xlfn.XLOOKUP($A65,Load!$B:$B,Load!K:K,0,) -> 0 | K65: =_xlfn.XLOOKUP($A65,Load!$B:$B,Load!L:L,0,) -> 0 | L65: =_xlfn.XLOOKUP($A65,Load!$B:$B,Load!M:M,0,) -> 0
B66: =_xlfn.XLOOKUP($A66,Load!$B:$B,Load!C:C,0,) -> 0 | C66: =_xlfn.XLOOKUP($A66,Load!$B:$B,Load!D:D,0,) -> 0 | D66: =_xlfn.XLOOKUP($A66,Load!$B:$B,Load!E:E,0,) -> 0 | E66: =_xlfn.XLOOKUP($A66,Load!$B:$B,Load!F:F,0,) -> 0 | F66: =_xlfn.XLOOKUP($A66,Load!$B:$B,Load!G:G,0,) -> 0 | G66: =_xlfn.XLOOKUP($A66,Load!$B:$B,Load!H:H,0,) -> 0 | H66: =_xlfn.XLOOKUP($A66,Load!$B:$B,Load!I:I,0,) -> 0 | I66: =_xlfn.XLOOKUP($A66,Load!$B:$B,Load!J:J,0,) -> 0 | J66: =_xlfn.XLOOKUP($A66,Load!$B:$B,Load!K:K,0,) -> 0 | K66: =_xlfn.XLOOKUP($A66,Load!$B:$B,Load!L:L,0,) -> 0 | L66: =_xlfn.XLOOKUP($A66,Load!$B:$B,Load!M:M,0,) -> 0
B67: =_xlfn.XLOOKUP($A67,Load!$B:$B,Load!C:C,0,) -> 0 | C67: =_xlfn.XLOOKUP($A67,Load!$B:$B,Load!D:D,0,) -> 0 | D67: =_xlfn.XLOOKUP($A67,Load!$B:$B,Load!E:E,0,) -> 0 | E67: =_xlfn.XLOOKUP($A67,Load!$B:$B,Load!F:F,0,) -> 0 | F67: =_xlfn.XLOOKUP($A67,Load!$B:$B,Load!G:G,0,) -> 0 | G67: =_xlfn.XLOOKUP($A67,Load!$B:$B,Load!H:H,0,) -> 0 | H67: =_xlfn.XLOOKUP($A67,Load!$B:$B,Load!I:I,0,) -> 0 | I67: =_xlfn.XLOOKUP($A67,Load!$B:$B,Load!J:J,0,) -> 0 | J67: =_xlfn.XLOOKUP($A67,Load!$B:$B,Load!K:K,0,) -> 0 | K67: =_xlfn.XLOOKUP($A67,Load!$B:$B,Load!L:L,0,) -> 0 | L67: =_xlfn.XLOOKUP($A67,Load!$B:$B,Load!M:M,0,) -> 0
A68: Frankford Nickelodeon Spongebob Squarepants Krabby Patties Assorted Gummy Halloween 19.05 Oz 60 Ct | B68: =_xlfn.XLOOKUP($A68,Load!$B:$B,Load!C:C,0,) -> Frankford | C68: =_xlfn.XLOOKUP($A68,Load!$B:$B,Load!D:D,0,) -> Non-Chocolate Candy Only | D68: =_xlfn.XLOOKUP($A68,Load!$B:$B,Load!E:E,0,) -> Variety / Mixed Flavors (Fruity, Sour, Seasonal Flavors) | E68: =_xlfn.XLOOKUP($A68,Load!$B:$B,Load!F:F,0,) -> Gummy | F68: =_xlfn.XLOOKUP($A68,Load!$B:$B,Load!G:G,0,) -> Medium Multipack (40–80 ct) | G68: =_xlfn.XLOOKUP($A68,Load!$B:$B,Load!H:H,0,) -> Stand-Up Bag | H68: =_xlfn.XLOOKUP($A68,Load!$B:$B,Load!I:I,0,) -> Seasonal Shapes (like pumpkins, candy corn, ghost, bats, etc.) | I68: =_xlfn.XLOOKUP($A68,Load!$B:$B,Load!J:J,0,) -> Seasonal Graphics (Like Bat, Ghost, Pumpkin, Fall Leaves, Eyeballs, etc.) | J68: =_xlfn.XLOOKUP($A68,Load!$B:$B,Load!K:K,0,) -> Fun Size / Treat Size | K68: =_xlfn.XLOOKUP($A68,Load!$B:$B,Load!L:L,0,) -> Regular/Original Wrapping | L68: =_xlfn.XLOOKUP($A68,Load!$B:$B,Load!M:M,0,) -> Single Brand / Variety Flavors or Form
B69: =_xlfn.XLOOKUP($A69,Load!$B:$B,Load!C:C,0,) -> 0 | C69: =_xlfn.XLOOKUP($A69,Load!$B:$B,Load!D:D,0,) -> 0 | D69: =_xlfn.XLOOKUP($A69,Load!$B:$B,Load!E:E,0,) -> 0 | E69: =_xlfn.XLOOKUP($A69,Load!$B:$B,Load!F:F,0,) -> 0 | F69: =_xlfn.XLOOKUP($A69,Load!$B:$B,Load!G:G,0,) -> 0 | G69: =_xlfn.XLOOKUP($A69,Load!$B:$B,Load!H:H,0,) -> 0 | H69: =_xlfn.XLOOKUP($A69,Load!$B:$B,Load!I:I,0,) -> 0 | I69: =_xlfn.XLOOKUP($A69,Load!$B:$B,Load!J:J,0,) -> 0 | J69: =_xlfn.XLOOKUP($A69,Load!$B:$B,Load!K:K,0,) -> 0 | K69: =_xlfn.XLOOKUP($A69,Load!$B:$B,Load!L:L,0,) -> 0 | L69: =_xlfn.XLOOKUP($A69,Load!$B:$B,Load!M:M,0,) -> 0
B70: =_xlfn.XLOOKUP($A70,Load!$B:$B,Load!C:C,0,) -> 0 | C70: =_xlfn.XLOOKUP($A70,Load!$B:$B,Load!D:D,0,) -> 0 | D70: =_xlfn.XLOOKUP($A70,Load!$B:$B,Load!E:E,0,) -> 0 | E70: =_xlfn.XLOOKUP($A70,Load!$B:$B,Load!F:F,0,) -> 0 | F70: =_xlfn.XLOOKUP($A70,Load!$B:$B,Load!G:G,0,) -> 0 | G70: =_xlfn.XLOOKUP($A70,Load!$B:$B,Load!H:H,0,) -> 0 | H70: =_xlfn.XLOOKUP($A70,Load!$B:$B,Load!I:I,0,) -> 0 | I70: =_xlfn.XLOOKUP($A70,Load!$B:$B,Load!J:J,0,) -> 0 | J70: =_xlfn.XLOOKUP($A70,Load!$B:$B,Load!K:K,0,) -> 0 | K70: =_xlfn.XLOOKUP($A70,Load!$B:$B,Load!L:L,0,) -> 0 | L70: =_xlfn.XLOOKUP($A70,Load!$B:$B,Load!M:M,0,) -> 0
B71: =_xlfn.XLOOKUP($A71,Load!$B:$B,Load!C:C,0,) -> 0 | C71: =_xlfn.XLOOKUP($A71,Load!$B:$B,Load!D:D,0,) -> 0 | D71: =_xlfn.XLOOKUP($A71,Load!$B:$B,Load!E:E,0,) -> 0 | E71: =_xlfn.XLOOKUP($A71,Load!$B:$B,Load!F:F,0,) -> 0 | F71: =_xlfn.XLOOKUP($A71,Load!$B:$B,Load!G:G,0,) -> 0 | G71: =_xlfn.XLOOKUP($A71,Load!$B:$B,Load!H:H,0,) -> 0 | H71: =_xlfn.XLOOKUP($A71,Load!$B:$B,Load!I:I,0,) -> 0 | I71: =_xlfn.XLOOKUP($A71,Load!$B:$B,Load!J:J,0,) -> 0 | J71: =_xlfn.XLOOKUP($A71,Load!$B:$B,Load!K:K,0,) -> 0 | K71: =_xlfn.XLOOKUP($A71,Load!$B:$B,Load!L:L,0,) -> 0 | L71: =_xlfn.XLOOKUP($A71,Load!$B:$B,Load!M:M,0,) -> 0
A72: Dum Dums & Smarties Halloween Candy Mix Lollipops & Suckers, Hard Party Candy, 400 Count | B72: =_xlfn.XLOOKUP($A72,Load!$B:$B,Load!C:C,0,) -> Dum Dums | C72: =_xlfn.XLOOKUP($A72,Load!$B:$B,Load!D:D,0,) -> Non-Chocolate Candy Only | D72: =_xlfn.XLOOKUP($A72,Load!$B:$B,Load!E:E,0,) -> Sweet | E72: =_xlfn.XLOOKUP($A72,Load!$B:$B,Load!F:F,0,) -> Lollipop (regular or lollipop rings) | F72: =_xlfn.XLOOKUP($A72,Load!$B:$B,Load!G:G,0,) -> Large Multipack (More than 80 ct) | G72: =_xlfn.XLOOKUP($A72,Load!$B:$B,Load!H:H,0,) -> Stand-Up Bag | H72: =_xlfn.XLOOKUP($A72,Load!$B:$B,Load!I:I,0,) -> Everyday Candy Shapes (like Original, Gummy bear, Fruit, Jewels, etc.) | I72: =_xlfn.XLOOKUP($A72,Load!$B:$B,Load!J:J,0,) -> Seasonal Graphics (Like Bat, Ghost, Pumpkin, Fall Leaves, Eyeballs, etc.) | J72: =_xlfn.XLOOKUP($A72,Load!$B:$B,Load!K:K,0,) -> Regular Lollipop size (on sticks or rings) | K72: =_xlfn.XLOOKUP($A72,Load!$B:$B,Load!L:L,0,) -> Regular/Original Wrapping | L72: =_xlfn.XLOOKUP($A72,Load!$B:$B,Load!M:M,0,) -> Multiple Brands / Variety Flavors or Form
B73: =_xlfn.XLOOKUP($A73,Load!$B:$B,Load!C:C,0,) -> 0 | C73: =_xlfn.XLOOKUP($A73,Load!$B:$B,Load!D:D,0,) -> 0 | D73: =_xlfn.XLOOKUP($A73,Load!$B:$B,Load!E:E,0,) -> 0 | E73: =_xlfn.XLOOKUP($A73,Load!$B:$B,Load!F:F,0,) -> 0 | F73: =_xlfn.XLOOKUP($A73,Load!$B:$B,Load!G:G,0,) -> 0 | G73: =_xlfn.XLOOKUP($A73,Load!$B:$B,Load!H:H,0,) -> 0 | H73: =_xlfn.XLOOKUP($A73,Load!$B:$B,Load!I:I,0,) -> 0 | I73: =_xlfn.XLOOKUP($A73,Load!$B:$B,Load!J:J,0,) -> 0 | J73: =_xlfn.XLOOKUP($A73,Load!$B:$B,Load!K:K,0,) -> 0 | K73: =_xlfn.XLOOKUP($A73,Load!$B:$B,Load!L:L,0,) -> 0 | L73: =_xlfn.XLOOKUP($A73,Load!$B:$B,Load!M:M,0,) -> 0
B74: =_xlfn.XLOOKUP($A74,Load!$B:$B,Load!C:C,0,) -> 0 | C74: =_xlfn.XLOOKUP($A74,Load!$B:$B,Load!D:D,0,) -> 0 | D74: =_xlfn.XLOOKUP($A74,Load!$B:$B,Load!E:E,0,) -> 0 | E74: =_xlfn.XLOOKUP($A74,Load!$B:$B,Load!F:F,0,) -> 0 | F74: =_xlfn.XLOOKUP($A74,Load!$B:$B,Load!G:G,0,) -> 0 | G74: =_xlfn.XLOOKUP($A74,Load!$B:$B,Load!H:H,0,) -> 0 | H74: =_xlfn.XLOOKUP($A74,Load!$B:$B,Load!I:I,0,) -> 0 | I74: =_xlfn.XLOOKUP($A74,Load!$B:$B,Load!J:J,0,) -> 0 | J74: =_xlfn.XLOOKUP($A74,Load!$B:$B,Load!K:K,0,) -> 0 | K74: =_xlfn.XLOOKUP($A74,Load!$B:$B,Load!L:L,0,) -> 0 | L74: =_xlfn.XLOOKUP($A74,Load!$B:$B,Load!M:M,0,) -> 0
B75: =_xlfn.XLOOKUP($A75,Load!$B:$B,Load!C:C,0,) -> 0 | C75: =_xlfn.XLOOKUP($A75,Load!$B:$B,Load!D:D,0,) -> 0 | D75: =_xlfn.XLOOKUP($A75,Load!$B:$B,Load!E:E,0,) -> 0 | E75: =_xlfn.XLOOKUP($A75,Load!$B:$B,Load!F:F,0,) -> 0 | F75: =_xlfn.XLOOKUP($A75,Load!$B:$B,Load!G:G,0,) -> 0 | G75: =_xlfn.XLOOKUP($A75,Load!$B:$B,Load!H:H,0,) -> 0 | H75: =_xlfn.XLOOKUP($A75,Load!$B:$B,Load!I:I,0,) -> 0 | I75: =_xlfn.XLOOKUP($A75,Load!$B:$B,Load!J:J,0,) -> 0 | J75: =_xlfn.XLOOKUP($A75,Load!$B:$B,Load!K:K,0,) -> 0 | K75: =_xlfn.XLOOKUP($A75,Load!$B:$B,Load!L:L,0,) -> 0 | L75: =_xlfn.XLOOKUP($A75,Load!$B:$B,Load!M:M,0,) -> 0
B76: =_xlfn.XLOOKUP($A76,Load!$B:$B,Load!C:C,0,) -> 0 | C76: =_xlfn.XLOOKUP($A76,Load!$B:$B,Load!D:D,0,) -> 0 | D76: =_xlfn.XLOOKUP($A76,Load!$B:$B,Load!E:E,0,) -> 0 | E76: =_xlfn.XLOOKUP($A76,Load!$B:$B,Load!F:F,0,) -> 0 | F76: =_xlfn.XLOOKUP($A76,Load!$B:$B,Load!G:G,0,) -> 0 | G76: =_xlfn.XLOOKUP($A76,Load!$B:$B,Load!H:H,0,) -> 0 | H76: =_xlfn.XLOOKUP($A76,Load!$B:$B,Load!I:I,0,) -> 0 | I76: =_xlfn.XLOOKUP($A76,Load!$B:$B,Load!J:J,0,) -> 0 | J76: =_xlfn.XLOOKUP($A76,Load!$B:$B,Load!K:K,0,) -> 0 | K76: =_xlfn.XLOOKUP($A76,Load!$B:$B,Load!L:L,0,) -> 0 | L76: =_xlfn.XLOOKUP($A76,Load!$B:$B,Load!M:M,0,) -> 0
B77: =_xlfn.XLOOKUP($A77,Load!$B:$B,Load!C:C,0,) -> 0 | C77: =_xlfn.XLOOKUP($A77,Load!$B:$B,Load!D:D,0,) -> 0 | D77: =_xlfn.XLOOKUP($A77,Load!$B:$B,Load!E:E,0,) -> 0 | E77: =_xlfn.XLOOKUP($A77,Load!$B:$B,Load!F:F,0,) -> 0 | F77: =_xlfn.XLOOKUP($A77,Load!$B:$B,Load!G:G,0,) -> 0 | G77: =_xlfn.XLOOKUP($A77,Load!$B:$B,Load!H:H,0,) -> 0 | H77: =_xlfn.XLOOKUP($A77,Load!$B:$B,Load!I:I,0,) -> 0 | I77: =_xlfn.XLOOKUP($A77,Load!$B:$B,Load!J:J,0,) -> 0 | J77: =_xlfn.XLOOKUP($A77,Load!$B:$B,Load!K:K,0,) -> 0 | K77: =_xlfn.XLOOKUP($A77,Load!$B:$B,Load!L:L,0,) -> 0 | L77: =_xlfn.XLOOKUP($A77,Load!$B:$B,Load!M:M,0,) -> 0
A78: Jolly Rancher Hard Candy Original Flavors Assortment | B78: =_xlfn.XLOOKUP($A78,Load!$B:$B,Load!C:C,0,) -> Jolly Rancher | C78: =_xlfn.XLOOKUP($A78,Load!$B:$B,Load!D:D,0,) -> Non-Chocolate Candy Only | D78: =_xlfn.XLOOKUP($A78,Load!$B:$B,Load!E:E,0,) -> Fruit Flavor (Cherry, Grape, Apple, Citrus, Tropical Fruit) | E78: =_xlfn.XLOOKUP($A78,Load!$B:$B,Load!F:F,0,) -> Hard Candy | F78: =_xlfn.XLOOKUP($A78,Load!$B:$B,Load!G:G,0,) -> Single Pack | G78: =_xlfn.XLOOKUP($A78,Load!$B:$B,Load!H:H,0,) -> Laydown Bag | H78: =_xlfn.XLOOKUP($A78,Load!$B:$B,Load!I:I,0,) -> Everyday Candy Shapes (like Original, Gummy bear, Fruit, Jewels, etc.) | I78: =_xlfn.XLOOKUP($A78,Load!$B:$B,Load!J:J,0,) -> Everyday Graphics | J78: =_xlfn.XLOOKUP($A78,Load!$B:$B,Load!K:K,0,) -> Small Pieces (Tiny bite size candies) | K78: =_xlfn.XLOOKUP($A78,Load!$B:$B,Load!L:L,0,) -> Regular/Original Wrapping | L78: =_xlfn.XLOOKUP($A78,Load!$B:$B,Load!M:M,0,) -> Single Brand / Variety Flavors or Form
B79: =_xlfn.XLOOKUP($A79,Load!$B:$B,Load!C:C,0,) -> 0 | C79: =_xlfn.XLOOKUP($A79,Load!$B:$B,Load!D:D,0,) -> 0 | D79: =_xlfn.XLOOKUP($A79,Load!$B:$B,Load!E:E,0,) -> 0 | E79: =_xlfn.XLOOKUP($A79,Load!$B:$B,Load!F:F,0,) -> 0 | F79: =_xlfn.XLOOKUP($A79,Load!$B:$B,Load!G:G,0,) -> 0 | G79: =_xlfn.XLOOKUP($A79,Load!$B:$B,Load!H:H,0,) -> 0 | H79: =_xlfn.XLOOKUP($A79,Load!$B:$B,Load!I:I,0,) -> 0 | I79: =_xlfn.XLOOKUP($A79,Load!$B:$B,Load!J:J,0,) -> 0 | J79: =_xlfn.XLOOKUP($A79,Load!$B:$B,Load!K:K,0,) -> 0 | K79: =_xlfn.XLOOKUP($A79,Load!$B:$B,Load!L:L,0,) -> 0 | L79: =_xlfn.XLOOKUP($A79,Load!$B:$B,Load!M:M,0,) -> 0
A80: Googly Eyes Assorted Fruit Novelty Halloween .49 Oz | B80: =_xlfn.XLOOKUP($A80,Load!$B:$B,Load!C:C,0,) -> Googly Eyes | C80: =_xlfn.XLOOKUP($A80,Load!$B:$B,Load!D:D,0,) -> Non-Chocolate Candy Only | D80: =_xlfn.XLOOKUP($A80,Load!$B:$B,Load!E:E,0,) -> Variety / Mixed Flavors (Fruity, Sour, Seasonal Flavors) | E80: =_xlfn.XLOOKUP($A80,Load!$B:$B,Load!F:F,0,) -> Candy Pieces / Bites | F80: =_xlfn.XLOOKUP($A80,Load!$B:$B,Load!G:G,0,) -> Small Multipack (Less than 40 ct) | G80: =_xlfn.XLOOKUP($A80,Load!$B:$B,Load!H:H,0,) -> Plastic Cup / Container | H80: =_xlfn.XLOOKUP($A80,Load!$B:$B,Load!I:I,0,) -> Seasonal Shapes (like pumpkins, candy corn, ghost, bats, etc.) | I80: =_xlfn.XLOOKUP($A80,Load!$B:$B,Load!J:J,0,) -> Seasonal Graphics (Like Bat, Ghost, Pumpkin, Fall Leaves, Eyeballs, etc.) | J80: =_xlfn.XLOOKUP($A80,Load!$B:$B,Load!K:K,0,) -> Fun Size / Treat Size | K80: =_xlfn.XLOOKUP($A80,Load!$B:$B,Load!L:L,0,) -> Regular/Original Wrapping | L80: =_xlfn.XLOOKUP($A80,Load!$B:$B,Load!M:M,0,) -> Single Brand / Variety Flavors or Form
B81: =_xlfn.XLOOKUP($A81,Load!$B:$B,Load!C:C,0,) -> 0 | C81: =_xlfn.XLOOKUP($A81,Load!$B:$B,Load!D:D,0,) -> 0 | D81: =_xlfn.XLOOKUP($A81,Load!$B:$B,Load!E:E,0,) -> 0 | E81: =_xlfn.XLOOKUP($A81,Load!$B:$B,Load!F:F,0,) -> 0 | F81: =_xlfn.XLOOKUP($A81,Load!$B:$B,Load!G:G,0,) -> 0 | G81: =_xlfn.XLOOKUP($A81,Load!$B:$B,Load!H:H,0,) -> 0 | H81: =_xlfn.XLOOKUP($A81,Load!$B:$B,Load!I:I,0,) -> 0 | I81: =_xlfn.XLOOKUP($A81,Load!$B:$B,Load!J:J,0,) -> 0 | J81: =_xlfn.XLOOKUP($A81,Load!$B:$B,Load!K:K,0,) -> 0 | K81: =_xlfn.XLOOKUP($A81,Load!$B:$B,Load!L:L,0,) -> 0 | L81: =_xlfn.XLOOKUP($A81,Load!$B:$B,Load!M:M,0,) -> 0
B82: =_xlfn.XLOOKUP($A82,Load!$B:$B,Load!C:C,0,) -> 0 | C82: =_xlfn.XLOOKUP($A82,Load!$B:$B,Load!D:D,0,) -> 0 | D82: =_xlfn.XLOOKUP($A82,Load!$B:$B,Load!E:E,0,) -> 0 | E82: =_xlfn.XLOOKUP($A82,Load!$B:$B,Load!F:F,0,) -> 0 | F82: =_xlfn.XLOOKUP($A82,Load!$B:$B,Load!G:G,0,) -> 0 | G82: =_xlfn.XLOOKUP($A82,Load!$B:$B,Load!H:H,0,) -> 0 | H82: =_xlfn.XLOOKUP($A82,Load!$B:$B,Load!I:I,0,) -> 0 | I82: =_xlfn.XLOOKUP($A82,Load!$B:$B,Load!J:J,0,) -> 0 | J82: =_xlfn.XLOOKUP($A82,Load!$B:$B,Load!K:K,0,) -> 0 | K82: =_xlfn.XLOOKUP($A82,Load!$B:$B,Load!L:L,0,) -> 0 | L82: =_xlfn.XLOOKUP($A82,Load!$B:$B,Load!M:M,0,) -> 0
B83: =_xlfn.XLOOKUP($A83,Load!$B:$B,Load!C:C,0,) -> 0 | C83: =_xlfn.XLOOKUP($A83,Load!$B:$B,Load!D:D,0,) -> 0 | D83: =_xlfn.XLOOKUP($A83,Load!$B:$B,Load!E:E,0,) -> 0 | E83: =_xlfn.XLOOKUP($A83,Load!$B:$B,Load!F:F,0,) -> 0 | F83: =_xlfn.XLOOKUP($A83,Load!$B:$B,Load!G:G,0,) -> 0 | G83: =_xlfn.XLOOKUP($A83,Load!$B:$B,Load!H:H,0,) -> 0 | H83: =_xlfn.XLOOKUP($A83,Load!$B:$B,Load!I:I,0,) -> 0 | I83: =_xlfn.XLOOKUP($A83,Load!$B:$B,Load!J:J,0,) -> 0 | J83: =_xlfn.XLOOKUP($A83,Load!$B:$B,Load!K:K,0,) -> 0 | K83: =_xlfn.XLOOKUP($A83,Load!$B:$B,Load!L:L,0,) -> 0 | L83: =_xlfn.XLOOKUP($A83,Load!$B:$B,Load!M:M,0,) -> 0
B84: =_xlfn.XLOOKUP($A84,Load!$B:$B,Load!C:C,0,) -> 0 | C84: =_xlfn.XLOOKUP($A84,Load!$B:$B,Load!D:D,0,) -> 0 | D84: =_xlfn.XLOOKUP($A84,Load!$B:$B,Load!E:E,0,) -> 0 | E84: =_xlfn.XLOOKUP($A84,Load!$B:$B,Load!F:F,0,) -> 0 | F84: =_xlfn.XLOOKUP($A84,Load!$B:$B,Load!G:G,0,) -> 0 | G84: =_xlfn.XLOOKUP($A84,Load!$B:$B,Load!H:H,0,) -> 0 | H84: =_xlfn.XLOOKUP($A84,Load!$B:$B,Load!I:I,0,) -> 0 | I84: =_xlfn.XLOOKUP($A84,Load!$B:$B,Load!J:J,0,) -> 0 | J84: =_xlfn.XLOOKUP($A84,Load!$B:$B,Load!K:K,0,) -> 0 | K84: =_xlfn.XLOOKUP($A84,Load!$B:$B,Load!L:L,0,) -> 0 | L84: =_xlfn.XLOOKUP($A84,Load!$B:$B,Load!M:M,0,) -> 0
B85: =_xlfn.XLOOKUP($A85,Load!$B:$B,Load!C:C,0,) -> 0 | C85: =_xlfn.XLOOKUP($A85,Load!$B:$B,Load!D:D,0,) -> 0 | D85: =_xlfn.XLOOKUP($A85,Load!$B:$B,Load!E:E,0,) -> 0 | E85: =_xlfn.XLOOKUP($A85,Load!$B:$B,Load!F:F,0,) -> 0 | F85: =_xlfn.XLOOKUP($A85,Load!$B:$B,Load!G:G,0,) -> 0 | G85: =_xlfn.XLOOKUP($A85,Load!$B:$B,Load!H:H,0,) -> 0 | H85: =_xlfn.XLOOKUP($A85,Load!$B:$B,Load!I:I,0,) -> 0 | I85: =_xlfn.XLOOKUP($A85,Load!$B:$B,Load!J:J,0,) -> 0 | J85: =_xlfn.XLOOKUP($A85,Load!$B:$B,Load!K:K,0,) -> 0 | K85: =_xlfn.XLOOKUP($A85,Load!$B:$B,Load!L:L,0,) -> 0 | L85: =_xlfn.XLOOKUP($A85,Load!$B:$B,Load!M:M,0,) -> 0
B86: =_xlfn.XLOOKUP($A86,Load!$B:$B,Load!C:C,0,) -> 0 | C86: =_xlfn.XLOOKUP($A86,Load!$B:$B,Load!D:D,0,) -> 0 | D86: =_xlfn.XLOOKUP($A86,Load!$B:$B,Load!E:E,0,) -> 0 | E86: =_xlfn.XLOOKUP($A86,Load!$B:$B,Load!F:F,0,) -> 0 | F86: =_xlfn.XLOOKUP($A86,Load!$B:$B,Load!G:G,0,) -> 0 | G86: =_xlfn.XLOOKUP($A86,Load!$B:$B,Load!H:H,0,) -> 0 | H86: =_xlfn.XLOOKUP($A86,Load!$B:$B,Load!I:I,0,) -> 0 | I86: =_xlfn.XLOOKUP($A86,Load!$B:$B,Load!J:J,0,) -> 0 | J86: =_xlfn.XLOOKUP($A86,Load!$B:$B,Load!K:K,0,) -> 0 | K86: =_xlfn.XLOOKUP($A86,Load!$B:$B,Load!L:L,0,) -> 0 | L86: =_xlfn.XLOOKUP($A86,Load!$B:$B,Load!M:M,0,) -> 0
B87: =_xlfn.XLOOKUP($A87,Load!$B:$B,Load!C:C,0,) -> 0 | C87: =_xlfn.XLOOKUP($A87,Load!$B:$B,Load!D:D,0,) -> 0 | D87: =_xlfn.XLOOKUP($A87,Load!$B:$B,Load!E:E,0,) -> 0 | E87: =_xlfn.XLOOKUP($A87,Load!$B:$B,Load!F:F,0,) -> 0 | F87: =_xlfn.XLOOKUP($A87,Load!$B:$B,Load!G:G,0,) -> 0 | G87: =_xlfn.XLOOKUP($A87,Load!$B:$B,Load!H:H,0,) -> 0 | H87: =_xlfn.XLOOKUP($A87,Load!$B:$B,Load!I:I,0,) -> 0 | I87: =_xlfn.XLOOKUP($A87,Load!$B:$B,Load!J:J,0,) -> 0 | J87: =_xlfn.XLOOKUP($A87,Load!$B:$B,Load!K:K,0,) -> 0 | K87: =_xlfn.XLOOKUP($A87,Load!$B:$B,Load!L:L,0,) -> 0 | L87: =_xlfn.XLOOKUP($A87,Load!$B:$B,Load!M:M,0,) -> 0
A88: Werther's® Original® Pumpkin Spice Soft Caramels Halloween Candy 8.57 oz | B88: =_xlfn.XLOOKUP($A88,Load!$B:$B,Load!C:C,0,) -> Werther's Original | C88: =_xlfn.XLOOKUP($A88,Load!$B:$B,Load!D:D,0,) -> Non-Chocolate Candy Only | D88: =_xlfn.XLOOKUP($A88,Load!$B:$B,Load!E:E,0,) -> Fall / Seasonal Flavors (pumpkin spice, caramel apple, candy corn) | E88: =_xlfn.XLOOKUP($A88,Load!$B:$B,Load!F:F,0,) -> Chewy | F88: =_xlfn.XLOOKUP($A88,Load!$B:$B,Load!G:G,0,) -> Single Pack | G88: =_xlfn.XLOOKUP($A88,Load!$B:$B,Load!H:H,0,) -> Stand-Up Bag | H88: =_xlfn.XLOOKUP($A88,Load!$B:$B,Load!I:I,0,) -> Seasonal Shapes (like pumpkins, candy corn, ghost, bats, etc.) | I88: =_xlfn.XLOOKUP($A88,Load!$B:$B,Load!J:J,0,) -> Seasonal Graphics (Like Bat, Ghost, Pumpkin, Fall Leaves, Eyeballs, etc.) | J88: =_xlfn.XLOOKUP($A88,Load!$B:$B,Load!K:K,0,) -> Fun Size / Treat Size | K88: =_xlfn.XLOOKUP($A88,Load!$B:$B,Load!L:L,0,) -> Regular/Original Wrapping | L88: =_xlfn.XLOOKUP($A88,Load!$B:$B,Load!M:M,0,) -> Single Brand / Single Flavor or Form
A89: Werther's Original® Caramel Apple Soft Caramels Halloween Candy 8.57 oz | B89: =_xlfn.XLOOKUP($A89,Load!$B:$B,Load!C:C,0,) -> Werther's Original | C89: =_xlfn.XLOOKUP($A89,Load!$B:$B,Load!D:D,0,) -> Non-Chocolate Candy Only | D89: =_xlfn.XLOOKUP($A89,Load!$B:$B,Load!E:E,0,) -> Fall / Seasonal Flavors (pumpkin spice, caramel apple, candy corn) | E89: =_xlfn.XLOOKUP($A89,Load!$B:$B,Load!F:F,0,) -> Chewy | F89: =_xlfn.XLOOKUP($A89,Load!$B:$B,Load!G:G,0,) -> Single Pack | G89: =_xlfn.XLOOKUP($A89,Load!$B:$B,Load!H:H,0,) -> Stand-Up Bag | H89: =_xlfn.XLOOKUP($A89,Load!$B:$B,Load!I:I,0,) -> Everyday Candy Shapes (like Original, Gummy bear, Fruit, Jewels, etc.) | I89: =_xlfn.XLOOKUP($A89,Load!$B:$B,Load!J:J,0,) -> Seasonal Graphics (Like Bat, Ghost, Pumpkin, Fall Leaves, Eyeballs, etc.) | J89: =_xlfn.XLOOKUP($A89,Load!$B:$B,Load!K:K,0,) -> Fun Size / Treat Size | K89: =_xlfn.XLOOKUP($A89,Load!$B:$B,Load!L:L,0,) -> Regular/Original Wrapping | L89: =_xlfn.XLOOKUP($A89,Load!$B:$B,Load!M:M,0,) -> Single Brand / Single Flavor or Form
A90: Tootsie Dots Ghost Assorted Fruit Flavored Gumdrops 44 ct 6 Oz | B90: =_xlfn.XLOOKUP($A90,Load!$B:$B,Load!C:C,0,) -> Dots | C90: =_xlfn.XLOOKUP($A90,Load!$B:$B,Load!D:D,0,) -> Non-Chocolate Candy Only | D90: =_xlfn.XLOOKUP($A90,Load!$B:$B,Load!E:E,0,) -> Variety / Mixed Flavors (Fruity, Sour, Seasonal Flavors) | E90: =_xlfn.XLOOKUP($A90,Load!$B:$B,Load!F:F,0,) -> Candy Pieces / Bites | F90: =_xlfn.XLOOKUP($A90,Load!$B:$B,Load!G:G,0,) -> Medium Multipack (40–80 ct) | G90: =_xlfn.XLOOKUP($A90,Load!$B:$B,Load!H:H,0,) -> Box (theatre box, gift box, carton) | H90: =_xlfn.XLOOKUP($A90,Load!$B:$B,Load!I:I,0,) -> Seasonal Shapes (like pumpkins, candy corn, ghost, bats, etc.) | I90: =_xlfn.XLOOKUP($A90,Load!$B:$B,Load!J:J,0,) -> Seasonal Graphics (Like Bat, Ghost, Pumpkin, Fall Leaves, Eyeballs, etc.) | J90: =_xlfn.XLOOKUP($A90,Load!$B:$B,Load!K:K,0,) -> Fun Size / Treat Size | K90: =_xlfn.XLOOKUP($A90,Load!$B:$B,Load!L:L,0,) -> Regular/Original Wrapping | L90: =_xlfn.XLOOKUP($A90,Load!$B:$B,Load!M:M,0,) -> Single Brand / Variety Flavors or Form
B91: =_xlfn.XLOOKUP($A91,Load!$B:$B,Load!C:C,0,) -> 0 | C91: =_xlfn.XLOOKUP($A91,Load!$B:$B,Load!D:D,0,) -> 0 | D91: =_xlfn.XLOOKUP($A91,Load!$B:$B,Load!E:E,0,) -> 0 | E91: =_xlfn.XLOOKUP($A91,Load!$B:$B,Load!F:F,0,) -> 0 | F91: =_xlfn.XLOOKUP($A91,Load!$B:$B,Load!G:G,0,) -> 0 | G91: =_xlfn.XLOOKUP($A91,Load!$B:$B,Load!H:H,0,) -> 0 | H91: =_xlfn.XLOOKUP($A91,Load!$B:$B,Load!I:I,0,) -> 0 | I91: =_xlfn.XLOOKUP($A91,Load!$B:$B,Load!J:J,0,) -> 0 | J91: =_xlfn.XLOOKUP($A91,Load!$B:$B,Load!K:K,0,) -> 0 | K91: =_xlfn.XLOOKUP($A91,Load!$B:$B,Load!L:L,0,) -> 0 | L91: =_xlfn.XLOOKUP($A91,Load!$B:$B,Load!M:M,0,) -> 0
A92: Halloween Nerds Gummy Clusters, 75 ct. | B92: =_xlfn.XLOOKUP($A92,Load!$B:$B,Load!C:C,0,) -> Nerds | C92: =_xlfn.XLOOKUP($A92,Load!$B:$B,Load!D:D,0,) -> Non-Chocolate Candy Only | D92: =_xlfn.XLOOKUP($A92,Load!$B:$B,Load!E:E,0,) -> Variety / Mixed Flavors (Fruity, Sour, Seasonal Flavors) | E92: =_xlfn.XLOOKUP($A92,Load!$B:$B,Load!F:F,0,) -> Gummy | F92: =_xlfn.XLOOKUP($A92,Load!$B:$B,Load!G:G,0,) -> Medium Multipack (40–80 ct) | G92: =_xlfn.XLOOKUP($A92,Load!$B:$B,Load!H:H,0,) -> Stand-Up Bag | H92: =_xlfn.XLOOKUP($A92,Load!$B:$B,Load!I:I,0,) -> Seasonal Shapes (like pumpkins, candy corn, ghost, bats, etc.) | I92: =_xlfn.XLOOKUP($A92,Load!$B:$B,Load!J:J,0,) -> Seasonal Graphics (Like Bat, Ghost, Pumpkin, Fall Leaves, Eyeballs, etc.) | J92: =_xlfn.XLOOKUP($A92,Load!$B:$B,Load!K:K,0,) -> Fun Size / Treat Size | K92: =_xlfn.XLOOKUP($A92,Load!$B:$B,Load!L:L,0,) -> Regular/Original Wrapping | L92: =_xlfn.XLOOKUP($A92,Load!$B:$B,Load!M:M,0,) -> Single Brand / Variety Flavors or Form
A93: Haribo, Jolly Rancher And Twizzlers Assorted Fruit Flavored Halloween Candy, Bag 24.31 oz, 70 Pieces | B93: =_xlfn.XLOOKUP($A93,Load!$B:$B,Load!C:C,0,) -> Hershey's Variety Pack + Haribo | C93: =_xlfn.XLOOKUP($A93,Load!$B:$B,Load!D:D,0,) -> Non-Chocolate Candy Only | D93: =_xlfn.XLOOKUP($A93,Load!$B:$B,Load!E:E,0,) -> Variety / Mixed Flavors (Fruity, Sour, Seasonal Flavors) | E93: =_xlfn.XLOOKUP($A93,Load!$B:$B,Load!F:F,0,) -> Mixed / Combo Packs (Gummy, Chewy, Taffy, etc.) | F93: =_xlfn.XLOOKUP($A93,Load!$B:$B,Load!G:G,0,) -> Medium Multipack (40–80 ct) | G93: =_xlfn.XLOOKUP($A93,Load!$B:$B,Load!H:H,0,) -> Laydown Bag | H93: =_xlfn.XLOOKUP($A93,Load!$B:$B,Load!I:I,0,) -> Everyday Candy Shapes (like Original, Gummy bear, Fruit, Jewels, etc.) | I93: =_xlfn.XLOOKUP($A93,Load!$B:$B,Load!J:J,0,) -> Seasonal Graphics (Like Bat, Ghost, Pumpkin, Fall Leaves, Eyeballs, etc.) | J93: =_xlfn.XLOOKUP($A93,Load!$B:$B,Load!K:K,0,) -> Fun Size / Treat Size | K93: =_xlfn.XLOOKUP($A93,Load!$B:$B,Load!L:L,0,) -> Regular/Original Wrapping | L93: =_xlfn.XLOOKUP($A93,Load!$B:$B,Load!M:M,0,) -> Multiple Brands / Variety Flavors or Form
B94: =_xlfn.XLOOKUP($A94,Load!$B:$B,Load!C:C,0,) -> 0 | C94: =_xlfn.XLOOKUP($A94,Load!$B:$B,Load!D:D,0,) -> 0 | D94: =_xlfn.XLOOKUP($A94,Load!$B:$B,Load!E:E,0,) -> 0 | E94: =_xlfn.XLOOKUP($A94,Load!$B:$B,Load!F:F,0,) -> 0 | F94: =_xlfn.XLOOKUP($A94,Load!$B:$B,Load!G:G,0,) -> 0 | G94: =_xlfn.XLOOKUP($A94,Load!$B:$B,Load!H:H,0,) -> 0 | H94: =_xlfn.XLOOKUP($A94,Load!$B:$B,Load!I:I,0,) -> 0 | I94: =_xlfn.XLOOKUP($A94,Load!$B:$B,Load!J:J,0,) -> 0 | J94: =_xlfn.XLOOKUP($A94,Load!$B:$B,Load!K:K,0,) -> 0 | K94: =_xlfn.XLOOKUP($A94,Load!$B:$B,Load!L:L,0,) -> 0 | L94: =_xlfn.XLOOKUP($A94,Load!$B:$B,Load!M:M,0,) -> 0
B95: =_xlfn.XLOOKUP($A95,Load!$B:$B,Load!C:C,0,) -> 0 | C95: =_xlfn.XLOOKUP($A95,Load!$B:$B,Load!D:D,0,) -> 0 | D95: =_xlfn.XLOOKUP($A95,Load!$B:$B,Load!E:E,0,) -> 0 | E95: =_xlfn.XLOOKUP($A95,Load!$B:$B,Load!F:F,0,) -> 0 | F95: =_xlfn.XLOOKUP($A95,Load!$B:$B,Load!G:G,0,) -> 0 | G95: =_xlfn.XLOOKUP($A95,Load!$B:$B,Load!H:H,0,) -> 0 | H95: =_xlfn.XLOOKUP($A95,Load!$B:$B,Load!I:I,0,) -> 0 | I95: =_xlfn.XLOOKUP($A95,Load!$B:$B,Load!J:J,0,) -> 0 | J95: =_xlfn.XLOOKUP($A95,Load!$B:$B,Load!K:K,0,) -> 0 | K95: =_xlfn.XLOOKUP($A95,Load!$B:$B,Load!L:L,0,) -> 0 | L95: =_xlfn.XLOOKUP($A95,Load!$B:$B,Load!M:M,0,) -> 0
A96: Airheads Xtremes Belts Candy, Very Berry, 2 oz | B96: =_xlfn.XLOOKUP($A96,Load!$B:$B,Load!C:C,0,) -> Airheads | C96: =_xlfn.XLOOKUP($A96,Load!$B:$B,Load!D:D,0,) -> Non-Chocolate Candy Only | D96: =_xlfn.XLOOKUP($A96,Load!$B:$B,Load!E:E,0,) -> Berry Based (Raspberry, Strawberry, Medley, etc.) | E96: =_xlfn.XLOOKUP($A96,Load!$B:$B,Load!F:F,0,) -> Chewy | F96: =_xlfn.XLOOKUP($A96,Load!$B:$B,Load!G:G,0,) -> Single Pack | G96: =_xlfn.XLOOKUP($A96,Load!$B:$B,Load!H:H,0,) -> Laydown Bag | H96: =_xlfn.XLOOKUP($A96,Load!$B:$B,Load!I:I,0,) -> Everyday Candy Shapes (like Original, Gummy bear, Fruit, Jewels, etc.) | I96: =_xlfn.XLOOKUP($A96,Load!$B:$B,Load!J:J,0,) -> Everyday Graphics | J96: =_xlfn.XLOOKUP($A96,Load!$B:$B,Load!K:K,0,) -> Fun Size / Treat Size | K96: =_xlfn.XLOOKUP($A96,Load!$B:$B,Load!L:L,0,) -> Unwrapped | L96: =_xlfn.XLOOKUP($A96,Load!$B:$B,Load!M:M,0,) -> Single Brand / Single Flavor or Form
A97: Zachary Orange Fruity Chewy Halloween 16 Oz | B97: =_xlfn.XLOOKUP($A97,Load!$B:$B,Load!C:C,0,) -> Zachary | C97: =_xlfn.XLOOKUP($A97,Load!$B:$B,Load!D:D,0,) -> Non-Chocolate Candy Only | D97: =_xlfn.XLOOKUP($A97,Load!$B:$B,Load!E:E,0,) -> Fruit Flavor (Cherry, Grape, Apple, Citrus, Tropical Fruit) | E97: =_xlfn.XLOOKUP($A97,Load!$B:$B,Load!F:F,0,) -> Candy Pieces / Bites | F97: =_xlfn.XLOOKUP($A97,Load!$B:$B,Load!G:G,0,) -> Single Pack | G97: =_xlfn.XLOOKUP($A97,Load!$B:$B,Load!H:H,0,) -> Plastic Cup / Container | H97: =_xlfn.XLOOKUP($A97,Load!$B:$B,Load!I:I,0,) -> Seasonal Shapes (like pumpkins, candy corn, ghost, bats, etc.) | I97: =_xlfn.XLOOKUP($A97,Load!$B:$B,Load!J:J,0,) -> Seasonal Graphics (Like Bat, Ghost, Pumpkin, Fall Leaves, Eyeballs, etc.) | J97: =_xlfn.XLOOKUP($A97,Load!$B:$B,Load!K:K,0,) -> Small Pieces (Tiny bite size candies) | K97: =_xlfn.XLOOKUP($A97,Load!$B:$B,Load!L:L,0,) -> Unwrapped | L97: =_xlfn.XLOOKUP($A97,Load!$B:$B,Load!M:M,0,) -> Single Brand / Single Flavor or Form
B98: =_xlfn.XLOOKUP($A98,Load!$B:$B,Load!C:C,0,) -> 0 | C98: =_xlfn.XLOOKUP($A98,Load!$B:$B,Load!D:D,0,) -> 0 | D98: =_xlfn.XLOOKUP($A98,Load!$B:$B,Load!E:E,0,) -> 0 | E98: =_xlfn.XLOOKUP($A98,Load!$B:$B,Load!F:F,0,) -> 0 | F98: =_xlfn.XLOOKUP($A98,Load!$B:$B,Load!G:G,0,) -> 0 | G98: =_xlfn.XLOOKUP($A98,Load!$B:$B,Load!H:H,0,) -> 0 | H98: =_xlfn.XLOOKUP($A98,Load!$B:$B,Load!I:I,0,) -> 0 | I98: =_xlfn.XLOOKUP($A98,Load!$B:$B,Load!J:J,0,) -> 0 | J98: =_xlfn.XLOOKUP($A98,Load!$B:$B,Load!K:K,0,) -> 0 | K98: =_xlfn.XLOOKUP($A98,Load!$B:$B,Load!L:L,0,) -> 0 | L98: =_xlfn.XLOOKUP($A98,Load!$B:$B,Load!M:M,0,) -> 0
B99: =_xlfn.XLOOKUP($A99,Load!$B:$B,Load!C:C,0,) -> 0 | C99: =_xlfn.XLOOKUP($A99,Load!$B:$B,Load!D:D,0,) -> 0 | D99: =_xlfn.XLOOKUP($A99,Load!$B:$B,Load!E:E,0,) -> 0 | E99: =_xlfn.XLOOKUP($A99,Load!$B:$B,Load!F:F,0,) -> 0 | F99: =_xlfn.XLOOKUP($A99,Load!$B:$B,Load!G:G,0,) -> 0 | G99: =_xlfn.XLOOKUP($A99,Load!$B:$B,Load!H:H,0,) -> 0 | H99: =_xlfn.XLOOKUP($A99,Load!$B:$B,Load!I:I,0,) -> 0 | I99: =_xlfn.XLOOKUP($A99,Load!$B:$B,Load!J:J,0,) -> 0 | J99: =_xlfn.XLOOKUP($A99,Load!$B:$B,Load!K:K,0,) -> 0 | K99: =_xlfn.XLOOKUP($A99,Load!$B:$B,Load!L:L,0,) -> 0 | L99: =_xlfn.XLOOKUP($A99,Load!$B:$B,Load!M:M,0,) -> 0
B100: =_xlfn.XLOOKUP($A100,Load!$B:$B,Load!C:C,0,) -> 0 | C100: =_xlfn.XLOOKUP($A100,Load!$B:$B,Load!D:D,0,) -> 0 | D100: =_xlfn.XLOOKUP($A100,Load!$B:$B,Load!E:E,0,) -> 0 | E100: =_xlfn.XLOOKUP($A100,Load!$B:$B,Load!F:F,0,) -> 0 | F100: =_xlfn.XLOOKUP($A100,Load!$B:$B,Load!G:G,0,) -> 0 | G100: =_xlfn.XLOOKUP($A100,Load!$B:$B,Load!H:H,0,) -> 0 | H100: =_xlfn.XLOOKUP($A100,Load!$B:$B,Load!I:I,0,) -> 0 | I100: =_xlfn.XLOOKUP($A100,Load!$B:$B,Load!J:J,0,) -> 0 | J100: =_xlfn.XLOOKUP($A100,Load!$B:$B,Load!K:K,0,) -> 0 | K100: =_xlfn.XLOOKUP($A100,Load!$B:$B,Load!L:L,0,) -> 0 | L100: =_xlfn.XLOOKUP($A100,Load!$B:$B,Load!M:M,0,) -> 0
...

Sheet O1_12
A1: {=_xludf.TEXTAFTER(CELL("filename",A1),"]")} -> #NAME? | B1: =ADDRESS(4,MATCH(A1,Load!#REF!,0),1,1,"Text Labels")&":"&ADDRESS(2000,MATCH(A1,Load!#REF!,0),1) -> #NAME? | D1: No changes | E1: Current List (Paste list values here to keep track of changes)
A2: {=_xlws.SORT(_xludf.UNIQUE(INDIRECT($B$1),FALSE))} -> #NAME? | B2: 1 | C2: =A2 -> #NAME? | D2: =C2=E2 -> #NAME? | E2: Dry / Oven Roasted
B3: 2 | C3: =A3 -> 0 | D3: =C3=E3 -> FALSE | E3: Honey Roasted
B4: 3 | C4: =A4 -> 0 | D4: =C4=E4 -> FALSE | E4: Oil Roasted
B5: 4 | C5: =A5 -> 0 | D5: =C5=E5 -> FALSE | E5: Raw / Unroasted
B6: 5 | C6: =A6 -> 0 | D6: =C6=E6 -> TRUE
B7: 6 | C7: =A7 -> 0 | D7: =C7=E7 -> TRUE
B8: 7 | C8: =A8 -> 0 | D8: =C8=E8 -> TRUE
B9: 8 | C9: =A9 -> 0 | D9: =C9=E9 -> TRUE
B10: 9 | C10: =A10 -> 0 | D10: =C10=E10 -> TRUE
B11: 10 | C11: =A11 -> 0 | D11: =C11=E11 -> TRUE
B12: 11 | C12: =A12 -> 0 | D12: =C12=E12 -> TRUE
B13: 12 | C13: =A13 -> 0 | D13: =C13=E13 -> TRUE
B14: 13 | C14: =A14 -> 0 | D14: =C14=E14 -> TRUE
B15: 14 | C15: =A15 -> 0 | D15: =C15=E15 -> TRUE
B16: 15 | C16: =A16 -> 0 | D16: =C16=E16 -> TRUE
B17: 16 | C17: =A17 -> 0 | D17: =C17=E17 -> TRUE
... B36: 35 | C36: =A36 -> 0 | D36: =C36=E36 -> TRUE
